sample_id,g_re_0_0,g_re_0_1,g_re_0_2,g_re_0_3,g_re_0_4,g_re_0_5,g_re_0_6,g_re_0_7,g_re_0_8,g_re_0_9,g_re_1_0,g_re_1_1,g_re_1_2,g_re_1_3,g_re_1_4,g_re_1_5,g_re_1_6,g_re_1_7,g_re_1_8,g_re_1_9,g_re_2_0,g_re_2_1,g_re_2_2,g_re_2_3,g_re_2_4,g_re_2_5,g_re_2_6,g_re_2_7,g_re_2_8,g_re_2_9,g_re_3_0,g_re_3_1,g_re_3_2,g_re_3_3,g_re_3_4,g_re_3_5,g_re_3_6,g_re_3_7,g_re_3_8,g_re_3_9,g_im_0_0,g_im_0_1,g_im_0_2,g_im_0_3,g_im_0_4,g_im_0_5,g_im_0_6,g_im_0_7,g_im_0_8,g_im_0_9,g_im_1_0,g_im_1_1,g_im_1_2,g_im_1_3,g_im_1_4,g_im_1_5,g_im_1_6,g_im_1_7,g_im_1_8,g_im_1_9,g_im_2_0,g_im_2_1,g_im_2_2,g_im_2_3,g_im_2_4,g_im_2_5,g_im_2_6,g_im_2_7,g_im_2_8,g_im_2_9,g_im_3_0,g_im_3_1,g_im_3_2,g_im_3_3,g_im_3_4,g_im_3_5,g_im_3_6,g_im_3_7,g_im_3_8,g_im_3_9,eta_0_0,eta_0_1,eta_0_2,eta_0_3,eta_0_4,eta_0_5,eta_0_6,eta_0_7,eta_0_8,eta_0_9,eta_1_0,eta_1_1,eta_1_2,eta_1_3,eta_1_4,eta_1_5,eta_1_6,eta_1_7,eta_1_8,eta_1_9,eta_2_0,eta_2_1,eta_2_2,eta_2_3,eta_2_4,eta_2_5,eta_2_6,eta_2_7,eta_2_8,eta_2_9,eta_3_0,eta_3_1,eta_3_2,eta_3_3,eta_3_4,eta_3_5,eta_3_6,eta_3_7,eta_3_8,eta_3_9,p_0,p_1,p_2,p_3,p_4,p_5,p_6,p_7,p_8,p_9,D_0,D_1,D_2,D_3,step_0_0,step_0_1,step_0_2,step_1_0,step_1_1,step_1_2,step_2_0,step_2_1,step_2_2,step_3_0,step_3_1,step_3_2
0,0.06785741197042493,0.23991359337362925,0.07324858899023132,0.5999945362075433,0.38317514991837553,-0.0824157444841917,-0.0852295978794801,0.12587612976600313,-0.22458451746745184,0.31255883238552895,0.11250158824438676,0.07978980407415165,0.21372584940005654,0.5360089005561536,0.05318783430376871,-0.03516925582387931,0.46939465953725573,0.3010254463974615,-0.09986363308739583,0.0016136141300706558,0.05077154999391589,0.09402046211725198,-0.35252510114789876,-0.40082898579702614,-0.2305965587770739,-0.25069626608642737,-0.16730366400231095,0.1649354694735764,-0.04389781399355347,0.0510349665365145,-0.27348197264031393,-0.10312053309112496,0.13118021436906174,0.13289905962426346,-0.16185357177885565,0.03611175789120345,0.4911733836349524,-0.0039309834210544915,-0.1548424450055294,-0.03881462766800389,0.02470295632725678,-0.04051229211302492,-0.008402886814823924,-0.38683577888435533,-0.25797965702506254,-0.040021019735554796,-0.0442909042743631,-0.1517356023105439,-0.047438664582791425,0.01635164466591922,0.2767153818108197,-0.03086687410877238,0.12416946812068252,-0.1685033356542317,0.17799110798985962,0.11689766103603949,0.26937402493257306,0.22197267516472133,0.1831681334210788,-0.03061974227373091,0.06364973852029021,0.27636269627667415,-0.16944764764315873,-0.16329761174150495,0.047146637875258475,0.10791429375003486,-0.21415174622684136,-0.01942774813892826,-0.024426456607555744,-0.5756611621941656,-0.04905238102732106,-0.03514128189630102,-0.03580585485917017,0.31628355007816544,-0.27158212113242985,-0.1842022211217892,-0.5835060606606096,-0.1074260166737323,-0.08837791249888666,-0.11391748404965667,0.0,0.0,0.0,0.0,0.0,0.0,0.0,0.0,0.0,1.0,0.0,0.0,0.0,0.0,0.0,1.0,0.0,0.0,0.0,0.0,0.0,0.0,0.0,0.0,0.0,0.0,0.0,0.0,1.0,0.0,0.0,0.0,0.0,0.0,0.0,0.0,0.0,1.0,0.0,0.0,0.14555066257585256,0.10692292098873869,0.1849444940916925,0.16483879617049646,0.03865246475742658,0.044000338494695965,0.03245292192332776,0.10852638510634198,0.03445709940310427,0.1499061533311054,0.054188686516034625,0.0768708014042514,0.03238366309370531,0.05153126273289127,-1.820756013027676,4.016316416471568,0.0,-12.041222520100433,6.354990148682532,0.0,5.099007770222897,0.10357194131972847,0.0,2.9905774409332366,2.989208099017162,0.0
1,-0.06406237112299772,0.04629571258466354,-0.03590646993739722,-0.293760295660273,-0.010360880559057132,0.28337198970058836,-0.2996497930838526,-0.1067503694218029,-0.39384989868886494,0.2683517515889576,-0.022083221870859152,-0.20328618090646158,0.02206107923453221,-0.2877856933277861,-0.24711297355354558,-0.3491238494636213,-0.25507124268402553,0.32454492185777534,-0.17529156662521675,0.1114763178907728,-0.15357880865381945,0.13948115478846884,-0.18843020892211856,0.007203836162237032,0.009705640827316564,0.4274793296001361,0.11577161339548821,-0.10888118804289033,0.12580273235997227,0.39265542307513607,-0.36074169797625005,-0.18649464400387905,-0.05244043637715584,-0.09232804559475438,-0.07366013619201116,-0.2887092184523831,0.3107844098440131,-0.31491339960294934,-0.04431977747765279,0.23150855928524633,-0.00860454067802428,-0.27918757104644687,-0.38445550663556144,-0.06556391599175915,-0.2157999841560424,0.058503483002113256,-0.39949976740285476,0.23176518732334658,0.032938720484604125,0.05411504747173478,0.34456730285678705,-0.10467867941156436,-0.17354571570995161,-0.13097250533246327,-0.04603388368378092,-0.02175007530908885,-0.1986231982307592,-0.4837278898757182,-0.13412039930522798,0.08603577630509145,0.025022543121715098,0.22028677937785207,0.35910652139794547,0.13944443140769708,0.25388677830005285,0.14081081234843804,0.31400674969225906,0.3398916818316855,0.1746724449767568,0.1297200013726106,-0.04543088031514917,-0.009150558834402456,-0.07478480211790145,0.1375223353811228,-0.15945865193354028,-0.04230391006456084,-0.5213482865056476,0.38142894480278045,-0.048804991339604815,0.10084881004366977,1.0,0.0,0.0,0.0,0.0,0.0,0.0,0.0,0.0,0.0,0.0,0.0,0.0,0.0,0.0,0.0,0.0,1.0,0.0,0.0,0.0,0.0,0.0,1.0,0.0,0.0,0.0,0.0,0.0,0.0,0.0,0.0,0.0,0.0,0.0,0.0,1.0,0.0,0.0,0.0,0.15073587835408178,0.1278568289179737,0.12024110265215406,0.15188597971666368,0.19939332937560472,0.12384533817673066,0.16517700951690306,0.15360454016603123,0.1736332259567533,0.19136009676554855,0.02544665659686522,0.023236770911609306,0.05690814627319208,0.04594360503092036,-9.030824653665547,-3.9294468368442494,0.0,9.707271040208013,-7.996096767065239,0.0,0.6959628058428393,14.163485021436088,0.0,7.699270323908365,-2.2057098031818327,0.0
2,0.041951673344861634,-0.1276709220018661,0.23558037890129666,-0.5246441917574708,0.020328112881385137,-0.23823555179210587,-0.11101140479712589,0.08255383044550278,-0.30279069032495415,0.04450694790583426,-0.05705474552762766,-0.1774980411764177,-0.1264416519636511,-0.04152770724323205,-0.2063157536249333,0.0019062678049665013,-0.07474536362992969,-0.16425009132702406,0.4271866383866946,0.11157393033117444,-0.09142939395718187,0.034845844098678296,-0.24530583243918394,-0.10434409956478422,-0.07646603588383356,-0.2978572458771432,0.09253831687653927,-0.12079013691335777,-0.08492046819081982,-0.13586634452390242,0.4985114653869581,-0.1116293129197703,-0.34850544385318366,-0.26953701041940525,0.12791803816651579,0.2251492373562339,-0.11486086909361116,0.21546183005758457,0.12493403166054329,-0.031921299759551935,-0.07058100340512076,0.04901587337593034,0.237790731642129,0.10766691957027105,-0.1834152070142611,-0.047210150213520125,0.5369228564895716,0.06807899742580914,0.2355873926349392,0.1463089569632115,0.07345054323325716,0.02920712301105111,0.2411266202252021,0.1930973741661239,0.07090751859521033,-0.1864122582779183,0.10359868830399414,-0.018004865209019557,-0.08282759365818027,0.719780415524315,-0.3676771117775217,0.22898732346015707,-0.2060908298567587,0.03134241097644803,0.613631810477728,-0.22990854866829502,-0.17293212103370711,-0.004184006251176609,-0.2023988950016041,0.2111997723106524,-0.09005099516283001,0.1101795616257854,-0.22392556144287043,-0.304392918112881,-0.038576594366675966,-0.2642430560536223,0.2557794151174252,-0.2577226199874481,-0.17481678760325944,0.06968162984706781,0.0,0.0,0.0,0.0,0.0,1.0,0.0,0.0,0.0,0.0,0.0,0.0,1.0,0.0,0.0,0.0,0.0,0.0,0.0,0.0,0.0,1.0,0.0,0.0,0.0,0.0,0.0,0.0,0.0,0.0,0.0,0.0,0.0,0.0,0.0,0.0,1.0,0.0,0.0,0.0,0.12252849402326008,0.1651717134875565,0.12957214247892507,0.07299746102044198,0.14998260621328632,0.0461760489262705,0.18063032368137372,0.038074299410092965,0.17501284181522314,0.1093460583575383,0.04429176027902416,0.05005294084603452,0.0260165042474337,0.0466148463647051,-10.157696413139206,-8.424514974741555,0.0,8.3756850398332,-9.428515087685184,0.0,-4.537414231103867,-1.994888799186299,0.0,10.830307350823944,2.343960387233693,0.0
3,-0.017616824886339755,0.1880203975901746,-0.11574112236669065,-0.24751152051483905,0.2664209402174918,0.09245815160447955,0.2333720466369686,0.17582526540108526,0.5047591196194481,0.2581747160073083,-0.1947744842810764,0.1265001881205934,-0.14996221941774077,-0.12215810805518816,-0.3799569157349333,-0.07696329295606759,0.14661202726117317,-0.017759572629678387,-0.2957256702885546,-0.409686063039174,0.3529541643109457,0.05434432499469436,-0.1377272083175687,0.07717816549669694,0.3658800718516308,0.10369827171383142,-0.4658044386968994,0.44327920920484837,-0.3090657491107755,-0.034430908427988904,-0.25411114694567527,-0.16590971544934388,0.0637651288699906,-0.4643269477246717,-0.02023321178054364,0.25723609745770926,-0.18905589649304796,-0.3117042445957709,-0.0312324377833701,-0.07585673011278674,-0.13782653720520904,-0.27516466863957184,0.12021855932035305,0.13783483630813997,-0.24675331241177895,-0.21470802739199377,0.031605081261548845,-0.2234417329097919,0.04136965338234101,0.33993004623186224,-0.016092060179666436,-0.3264579122645052,0.10547426069851308,-0.047788406335738325,-0.04039163798908763,0.12785993736966042,0.18588627663592586,0.009549939447289333,-0.016322760667986297,0.555084345370659,0.2006493590632424,0.13931109678669623,0.02192853380198578,-0.16809051142071973,0.18842080902664013,0.024115973193958806,-0.09646262708731167,-0.040636219794461755,-0.16147871135343458,0.17671208041217498,0.1531380607903772,0.04072230281833039,-0.00959259743970522,-0.15260710505789454,-0.47756586292058023,-0.3167805824014227,-0.16650233195130587,-0.20020456205335854,0.06487513784796313,0.1819382593714368,0.0,0.0,0.0,0.0,0.0,0.0,0.0,0.0,1.0,0.0,0.0,0.0,0.0,0.0,0.0,0.0,0.0,0.0,0.0,1.0,0.0,0.0,0.0,1.0,0.0,0.0,0.0,0.0,0.0,0.0,0.0,0.0,0.0,0.0,1.0,0.0,0.0,0.0,0.0,0.0,0.17942858660762584,0.17148714125147058,0.09437211282393033,0.13663117251979984,0.10672892208450957,0.0411353893206788,0.1675048308650441,0.12801347154975568,0.03036882690003119,0.1415003023870887,0.032648082871768146,0.015541216697334461,0.05852711317469158,0.06857669233033949,-9.14550593270036,-1.065902599646222,0.0,3.0635094107037446,-0.16180178849043614,0.0,-6.038923937804327,-7.873324990596103,0.0,0.5074077261068055,-3.037215949616467,0.0
4,0.012114974427009515,-0.27388751845053505,-0.33497183294616373,-0.1068956450605818,0.5034218020735048,0.1395633557085374,0.2505671013719674,0.10950989559959182,0.036978093365476646,0.16116301293724442,-0.15750371168396524,0.11587103827307192,0.28987738281607844,0.17224272793715303,0.30605256409317405,0.04496793368931247,0.4166993649031868,-0.051280084950130755,0.5215124289083477,0.14125913463806714,-0.08524351040425777,-0.2617897546686064,-0.17938966974892487,-0.21299688416779008,-0.019697383364051586,-0.28284344227063063,0.28701743173439714,0.024582624138242852,0.015574588340977323,-0.25873846349382706,-0.15334672710385272,-0.44274300693759944,0.3225916261656762,-0.28269382146830363,-0.2675766690329979,0.28178789348391065,0.07728069988460207,0.024075011032090126,0.06784980345484763,0.1902084898305789,0.017976722881517096,-0.27782336272759317,0.13196805361890748,0.07601837049097904,0.21086981803671034,-0.22482736328089176,-0.1312754502940007,0.07057272462546413,-0.17000419366572805,-0.42349200020219124,0.04859551271783407,0.2204085909811135,-0.031751328072950634,0.13498621307498615,0.09933509189234158,0.002584633799793338,0.03348289632921233,0.3322447980404061,-0.23746066853023678,0.19037348011448188,-0.2621777500838263,-0.176456611568044,0.265516823027742,-0.26860601858483596,-0.053637939498334015,0.5242648248376423,0.22769212371681105,-0.1636664635707278,-0.12562417227849054,-0.0377690776317655,0.26160271860966483,-0.1997292335260804,-0.21179732814969704,0.14224316445247237,-0.3352200425826883,-0.1816695057288323,-0.016966810308908658,-0.006743777050997366,-0.27210628809624055,0.07053611571752566,0.0,0.0,0.0,0.0,0.0,0.0,0.0,0.0,0.0,1.0,0.0,0.0,0.0,0.0,0.0,0.0,1.0,0.0,0.0,0.0,0.0,0.0,0.0,1.0,0.0,0.0,0.0,0.0,0.0,0.0,0.0,0.0,1.0,0.0,0.0,0.0,0.0,0.0,0.0,0.0,0.10742647722110789,0.13970388134820044,0.13550124773695957,0.0364875192270384,0.09637768980986465,0.0989436897335847,0.18109609827161882,0.17892567704327794,0.030302432469535477,0.17172266666401684,0.05893459784691052,0.011298077374921008,0.040532187830004576,0.08104723644953155,-2.577845393111943,-6.828414245582508,0.0,-5.536916157880029,-9.640446946655686,0.0,9.68343033994205,1.4266587211271826,0.0,3.719539108618278,-9.366834422419146,0.0
5,-0.33713224228815913,-0.03689530799308324,-0.10587118221816423,-0.38889972939104434,-0.35299009134580533,0.04332029633189895,0.037334158111762925,-0.2580624762444005,0.02676702049569683,-0.2185329955433559,0.2596115766272019,-0.020454037895877474,0.21799001395439438,-0.33619833388081316,0.0641070467819547,0.11839186772537158,-0.02738609524460351,-0.10702590311499813,-0.030564195334273438,0.14746681995605276,-0.2991612007426589,0.1731132684560354,0.0786782728248488,-0.06445009641754841,-0.05389020484719288,0.015287612412411267,0.40989755078193774,0.08600245175857685,-0.232969158118607,-0.10757599526341266,-0.21603705679177834,-0.3566941189916027,-0.21935140212729173,0.022664196174171647,0.24045716264336162,0.18795042689844169,-0.2180533825431272,-0.15055499864767122,-0.17717488227096814,-0.4872741107309118,-0.05662713224552351,0.2713300292464512,-0.08525448946978392,-0.42825344549594335,-0.28548108887254203,-0.11108056191653488,0.26017121735637533,-0.061753746611074245,0.2144648590564653,-0.027476142631106176,0.04703051292419885,-0.18673435085996037,-0.13622100473073834,-0.24942618725219007,0.11949949094402694,-0.05783455780757109,-0.7145535961219647,0.09556584494505595,0.19348182363310995,-0.16122018442961064,0.1186936621792276,-0.051830376282951514,-0.5233806704225306,0.48264029291216654,-0.0503455878545722,0.049776242477267266,-0.15435626656308996,-0.07303488720687548,0.03995191184278464,-0.25764464437197476,0.3197327738998681,0.15819868370974932,0.0975504514712942,-0.02676115697904275,-0.1436786554820725,0.1944275502756623,0.11526727622556614,-0.07539025742777804,-0.20470158647630482,-0.29744877693586,0.0,0.0,0.0,1.0,0.0,0.0,0.0,0.0,0.0,0.0,0.0,0.0,0.0,0.0,0.0,0.0,0.0,1.0,0.0,0.0,0.0,0.0,0.0,0.0,0.0,1.0,0.0,0.0,0.0,0.0,0.0,0.0,0.0,0.0,0.0,0.0,0.0,0.0,1.0,0.0,0.13089704287949022,0.11100869267120192,0.1199751383754646,0.10472806366954227,0.12101856160130475,0.12234143685441075,0.10833786439697866,0.16152342917707324,0.09012016950318043,0.039444862737043104,0.06144417332601269,0.07368770888928479,0.07240142154812947,0.03017053092393005,-7.993212125704588,7.209554248161396,0.0,-2.612129821746038,-14.753596714006733,0.0,2.968278468109645,3.048357474948091,0.0,9.272776950587343,0.07292072038197261,0.0
6,0.16341812138362327,-0.1918273469132258,0.3383713067832003,0.22099763127374789,-0.0641660294006254,-0.04054869046971027,0.02901602338795254,-0.03789420155823586,0.28914606862541165,-0.11810582989043314,-0.29296621344885027,-0.050432018006690456,0.14673120040124066,0.19784143392452733,0.02219115681446192,-0.12358730858064403,-0.008595894853635226,-0.12774363589577747,-0.44948406782822026,-0.16613329144617342,0.16815433616663347,-0.08917234857893098,-0.10165488282526876,0.36465779630941086,-0.3175925419107041,-0.28538292730474824,0.10903153900713924,-0.234524372446532,-0.23616709749576778,0.5104119232186431,-0.2244552585629722,-0.1533645605869487,0.09189149459006024,-0.010239082301907735,-0.2875646806073215,0.3735226523479702,-0.16629707134731328,-0.05140681903593676,0.0914583832559903,0.45273765440785285,-0.08982180672764982,-0.2015498720627183,0.10910849916223188,0.45775427052832657,0.029803961165806168,-0.06257959519009931,0.08577904324870365,-0.45495520854420096,-0.1348223215708454,-0.4001376132638764,-0.07019446422630032,-0.10002232544054696,-0.5142679749483219,0.03494989935074705,0.12051884407061958,-0.03771099174846376,-0.2980090460552907,0.24669586286341566,0.3699092164857907,0.07802937850676125,-0.11667743085022148,-0.11237638223020693,0.14276790975134465,0.029651492857714734,0.1434896367054377,0.14823898107115974,-0.24320200376545975,-0.27110129936956884,-0.09237656760122101,0.15403107132646962,-0.3264956263083842,-0.047875128282389164,-0.007535314432046893,-0.1019155951521658,0.2936896126901669,0.25795257474262523,0.08700639909039919,0.37067211055543287,0.1839014976552288,0.02807935659171174,0.0,0.0,0.0,0.0,0.0,0.0,0.0,0.0,0.0,1.0,0.0,0.0,0.0,0.0,0.0,0.0,0.0,1.0,0.0,0.0,0.0,0.0,0.0,0.0,0.0,1.0,0.0,0.0,0.0,0.0,0.0,0.0,1.0,0.0,0.0,0.0,0.0,0.0,0.0,0.0,0.13661622104466228,0.1268604029252543,0.172216053133443,0.055918604841486585,0.1490517993461543,0.1276578777893536,0.10571138919059873,0.07222382505071213,0.02462729687623491,0.16461726957917602,0.01859436187363927,0.04018961166689605,0.04969239040314908,0.03637751915202784,7.971477581665283,-7.506359127357825,0.0,-4.7508622343505635,5.061480549642852,0.0,-9.160158520079847,0.8083821407806795,0.0,-3.658622953786221,-1.9424831952740078,0.0
7,-0.10557294190773485,0.3941109914467703,-0.11021433528775568,-0.2178556643453562,0.2505100073598537,0.12450064186665759,0.08201640744481839,-0.04323842764435185,-0.06536700721210827,0.0961203253854941,-0.124496906719028,0.4127218154602539,0.05980945556581383,-0.05666701078167289,-0.08944227903735884,-0.2734572274553948,0.16702267951849062,-0.175793381816141,-0.029490187344144433,0.5830819972788714,-0.40748555898798294,-0.02244296618910528,-0.3091629027766948,-0.12137621051751997,-0.032162155111719236,-0.29452939811828893,0.09242952414388209,0.33174533595633193,0.07519977785260804,0.18982898429007655,0.3175493884815362,0.11870183349461656,-0.4605178720390623,0.035011278476566876,-0.48922647466926183,-0.1412194728684781,-0.2930571197039613,0.053356439974432686,-0.17542243867834026,0.05872728100174253,0.1554491790615269,-0.19068272728449728,0.04999464729199575,-0.521126762742945,-0.2969897455917556,0.25222835167960656,-0.17549772670921068,-0.10448817223328544,-0.16272579569726256,-0.3448808761230453,-0.23665561196863255,-0.0013238195990954748,-0.0881869594232472,0.2456568295528029,-0.14158415065984795,-0.002752196227869682,-0.12451799686685482,0.21377101404182125,-0.32801964917337695,0.10933794838197412,0.0914781809131769,-0.18554555849249801,-0.022437605754643385,0.0874216889408622,-0.15628809622097153,-0.16100555215187312,-0.2778203316944412,0.45688885388794354,-0.10548861557934715,-0.2769804436546914,-0.3456759886354844,-0.1569480077676644,0.05218450380028291,-0.049944019236442753,0.06854886572565155,0.139842813014786,-0.029505161038262742,-0.02493719183618562,0.30610801718894726,0.1440183235010528,0.0,0.0,0.0,0.0,0.0,1.0,0.0,0.0,0.0,0.0,0.0,0.0,0.0,1.0,0.0,0.0,0.0,0.0,0.0,0.0,0.0,0.0,0.0,0.0,0.0,0.0,0.0,1.0,0.0,0.0,0.0,0.0,0.0,0.0,0.0,0.0,0.0,0.0,0.0,1.0,0.10912557959958498,0.06419992538309302,0.042231289237107957,0.03998147267534991,0.1330221370626055,0.05549576732918514,0.07544804375585189,0.05620992870206566,0.042659469728559225,0.020445645330513244,0.04851167852430221,0.07153008924175777,0.015559061127592885,0.023774812400081537,-13.635309243775396,-0.959693026020318,0.0,-10.491293282361681,-9.204660539781628,0.0,12.352900724008862,7.657255816942836,0.0,2.4987279895908614,10.235826410421083,0.0
8,-0.23750195028493415,-0.20460883884419914,0.2667724924437898,0.01101126402429036,0.19026798705297426,0.03684892419304764,-0.2644216350963189,0.08560213945291965,0.1477933876789822,-0.4210602011067243,-0.14200748982802272,-0.19413552673144013,-0.29932641084205475,0.03458062383712714,0.06562569413077922,0.31331226672257667,0.1924822004131634,-0.07279646626790923,-0.07231343154764432,0.4228625672180197,0.1059731100779357,0.2405083689856412,-0.29547598533944425,-0.33151848453425703,-0.0866504235859707,0.20450939743868274,0.3330421645137619,-0.15967385920114166,0.11042013893203376,0.08654802282191942,-0.2367761242377463,-0.17328968920878599,-0.02233714995992729,-0.2598756449490627,0.5157253291845636,-0.2158508579040903,-0.09301318575477309,0.0745595183909487,0.04926199254590481,0.12553470514140955,-0.24387989783105046,-0.32656619827093775,0.0240459762460475,-0.2185132834702343,-0.1756491623867233,-0.193150075890495,-0.19348165425067324,-0.3497629503005612,-0.25753524464319233,-0.08829482116875294,0.27024168510478364,0.48444891850589095,0.22064264449175333,0.05753976496233475,0.24377014420970758,-0.03723518450733854,0.06116188640019635,0.17136141465980498,0.12928252477711996,0.22835495987645102,0.1419470920962372,-0.15358805574787016,0.1345034045079232,-0.15664698457743603,0.15313949002545263,-0.08569850260552693,-0.27026271681709496,-0.2929338685581795,0.45164797242507615,-0.21973791826482536,0.1928177054956319,0.13747886032506523,0.18756276616737547,-0.20507468508268675,-0.08532661016776964,-0.1981247854019604,0.20033792622289073,0.3013365422068598,-0.009717029623355251,0.4359254093918418,0.0,0.0,0.0,0.0,0.0,0.0,0.0,0.0,1.0,0.0,0.0,0.0,1.0,0.0,0.0,0.0,0.0,0.0,0.0,0.0,0.0,0.0,0.0,0.0,0.0,0.0,0.0,1.0,0.0,0.0,1.0,0.0,0.0,0.0,0.0,0.0,0.0,0.0,0.0,0.0,0.1591252110601373,0.18029440135019345,0.16252271944318253,0.111571487496864,0.05579598035900715,0.132187068745139,0.1457555429112424,0.06858759220810412,0.13516713173397993,0.1771089599351893,0.04052017444342256,0.05257374644398155,0.06738237123915736,0.06932760207595978,4.96278963519643,-9.519472453035803,0.0,7.263795362368029,5.867055110460285,0.0,6.276450417699493,-9.55976426271829,0.0,0.09855986546966733,13.158370892120843,0.0
9,-0.1027843596724366,-0.14974498871006306,-0.1318481651980066,0.3173973195845423,-0.26640000456993973,-0.30683885316875503,-0.23135889836263993,-0.09275747104672677,-0.5301942807093194,-0.28372859015330226,0.09814165383846628,0.11184619970083402,0.4038821188369146,0.0794054561985165,0.19742875228511428,0.39528126998929447,-0.12038694230088745,0.3284771870628026,0.17067168762448828,-0.0620403215275077,0.1940805451570153,-0.3464963160024979,-0.022531738373847487,-0.02873929441108613,0.22487447659399254,0.012563226804685468,0.10220622707591688,0.22346719022392833,-0.008894256606553835,-0.41018859052668866,0.023535466852890184,-0.2641134718209769,0.03215890116434769,0.041733677962642074,0.30889686209604994,0.006774197491165145,-0.049378526289746115,-0.14598023574404492,0.046224038033982534,0.2711992772186507,-0.2943628253969402,0.14417179928619256,-0.11209418028477784,-0.056952221671650156,-0.2085364455318574,-0.27447181702179263,0.05426225401395796,0.03828097657963317,-0.042720272432710225,0.10829718331095965,-0.41745101892691916,0.07247048174448875,0.1713046768022041,-0.22829954565903085,0.043768170054267724,0.25708086509548095,-0.2537383494315222,0.18770435510779224,-0.03970989990169923,0.1663029701927231,0.002467273131119422,-0.2804797892159198,-0.09550743690483468,-0.015161519274645197,-0.3681819020436242,0.5303623262458992,-0.06968992692289815,0.005805706365319723,-0.07424791662918806,-0.2149971421598222,0.06056740101497112,0.03336826585502834,-0.5546760865909006,-0.06074513709156477,0.05060760685164379,-0.20300105394605686,-0.3571159907777078,0.24320099995984587,-0.04093934659658257,-0.4286658290820084,0.0,0.0,0.0,0.0,0.0,0.0,0.0,0.0,0.0,1.0,0.0,1.0,0.0,0.0,0.0,0.0,0.0,0.0,0.0,0.0,0.0,0.0,0.0,0.0,0.0,0.0,0.0,1.0,0.0,0.0,1.0,0.0,0.0,0.0,0.0,0.0,0.0,0.0,0.0,0.0,0.12944478733031048,0.11159522574386625,0.11803400277351311,0.035869618688283436,0.02491351175607459,0.1279003033720611,0.13049503886908972,0.06053377697548369,0.1612145594300634,0.036645621959963896,0.06843225585900937,0.05345092328407375,0.036109429796163085,0.08183465837669987,-0.6703595312901598,-12.025150421808462,0.0,-3.058815209815208,13.949765280609824,0.0,1.2615854557757302,6.347625303091235,0.0,-10.08608920951741,-2.8017226981797876,0.0
10,-0.2051797795715064,0.22093576528449232,0.009318992882871977,0.09607495372592342,0.36019532579226676,0.0794545195185746,-0.10426387843975857,-0.4453912967681756,-0.3019213578190538,-0.33809850305183714,-0.38313511138065665,-0.01879416001946469,-0.567946458791839,-0.043586665713835536,-0.010268169271109377,0.05655338922614282,0.129113391479117,0.08009950236535235,0.14777184917326314,-0.20854377208357805,-0.1002655592305672,0.49991117554524594,0.15420365603393155,0.17452172816774406,-0.2680645132868467,0.2006772445739804,-0.32252030594239495,-0.29481442690492454,0.13929903632999824,0.2649392856643446,-0.21128620692999156,-0.20356846203357143,-0.09413147211125902,-0.4294682352899034,0.03220740323675769,0.09017018865637014,-0.12510891279541952,-0.39910951058139854,-0.13205844397375818,0.22520145903530625,0.1983256608410147,-0.01444598775406522,-0.03028503887129686,-0.08988631553259142,0.2095937067161101,0.18686594209446444,-0.3487888980165884,-0.07264623268268429,-0.11778089383368497,0.2842812779363001,0.2649003243445166,-0.1980810768289656,0.12552534563631348,0.1621814503063523,-0.025649645872079845,0.008949164056035764,0.3304847585983716,-0.12612823228833864,0.2966911153004394,0.2670477456724395,0.040129284382158126,-0.139675875729647,0.086019219458175,0.04821161204112615,-0.2841367389949902,0.10071191725037262,-0.11362011857636627,0.08328994195941944,0.2309102723788285,-0.31344999737102647,-0.18397676760498238,-0.2090181180844984,-0.17010430429120388,0.020917629778576145,-0.07530807606263283,-0.2667709055232313,-0.28296821669714156,-0.42247279409237554,0.10137968693784363,-0.12558418242662653,0.0,0.0,1.0,0.0,0.0,0.0,0.0,0.0,0.0,0.0,0.0,0.0,0.0,1.0,0.0,0.0,0.0,0.0,0.0,0.0,0.0,1.0,0.0,0.0,0.0,0.0,0.0,0.0,0.0,0.0,1.0,0.0,0.0,0.0,0.0,0.0,0.0,0.0,0.0,0.0,0.1911299540949017,0.19244465814300452,0.07102254390278157,0.059307049311502644,0.10675835409542395,0.07374928214488033,0.13893513767256335,0.07245723902617218,0.09146957320122218,0.0612798982089018,0.06133358858417375,0.038357248165487086,0.016428058644997127,0.08910659807593697,-2.9683296184910546,-0.5422258088292438,0.0,-9.399533360360863,0.3387013821448477,0.0,-2.9211341717210075,4.929246428195285,0.0,-6.630155450741597,7.280051876499272,0.0
11,-0.32474582649903416,0.02723024141860179,-0.1567423876567966,0.40854698021611974,-0.04466331078503109,0.27205444383776145,-0.17055589568384552,-0.06091841012516985,-0.3836121080899696,0.17866067284233395,-0.37142748523018604,-0.0001584161011353336,0.1788226945541486,0.050050552504041244,-0.45380677372614103,-0.07266590198738603,0.2657654887307499,0.1185542528043489,-0.05299850808712737,-0.2216863911653689,0.09516945031465332,-0.09612367983409045,-0.20387583667728892,-0.05287406315898429,0.14946754570616969,-0.14402232245549812,-0.005826003360571291,-0.06452178892619136,-0.2645831164170852,-0.068253179949884,0.01620372607933634,0.031671626295403245,0.26670854227032476,0.05351524807669608,-0.2509799603511413,0.1510768591385472,-0.1483416519031288,-0.22296885899760685,0.40636543298239475,0.07866988501978979,-0.045503648640380465,-0.11958411054828343,0.2017877137742468,0.32901739163515364,0.2351951955269543,0.2065046696295283,0.0962935450362277,-0.3408467558748277,-0.09475758722426865,0.12923847657299214,-0.09876619489144156,-0.16437607820972827,-0.049656340189371796,-0.2543892302709158,-0.39278090316296804,-0.03772176572594371,0.10801254780010223,0.02516669439114812,0.4141806330830573,0.19025937832495943,0.097260359729107,0.20330883181152362,-0.464307340018854,-0.3849594472950735,0.08479516008215145,0.30062901180096463,-0.37817407722478036,-0.36616814259370156,0.16175044700353824,0.002043839117007415,0.042430066954858646,-0.12116231551454466,-0.22046582641413243,-0.12309759780389296,-0.03881094694261974,-0.35184343661199247,-0.35296665526510596,-0.10391908664722127,0.4231262648520013,-0.2755363954240159,0.0,0.0,0.0,0.0,0.0,0.0,0.0,0.0,0.0,1.0,0.0,0.0,0.0,1.0,0.0,0.0,0.0,0.0,0.0,0.0,0.0,0.0,0.0,0.0,0.0,1.0,0.0,0.0,0.0,0.0,1.0,0.0,0.0,0.0,0.0,0.0,0.0,0.0,0.0,0.0,0.1473581509132843,0.15975045190982137,0.07595470077972602,0.10016257293688635,0.12950423692083135,0.06204323918903809,0.11169955375173823,0.14884243148618653,0.12226725918304336,0.1469363191151048,0.04178331172240703,0.02572738870128425,0.04921495835368029,0.026083925561400663,-10.89623834863636,3.4174417151070884,0.0,0.3237325851137598,3.7729563366521575,0.0,14.034978332399419,-2.297617638512918,0.0,2.066383965748571,9.264209747696782,0.0
12,0.06498680855886381,0.16341646633749496,-0.1449725758027432,0.17119249813427254,-0.25803651545957074,0.0011360770828834077,0.13837756397724732,-0.4710179946291814,-0.47845650958698965,0.06472390003831964,-0.4180355076006813,0.019594128501513777,-0.11967340717629066,0.10481116761205705,0.2393086702252401,-0.3294663211186826,0.3224485581479749,-0.01275031187759278,0.16871280242270342,0.38058282199509286,0.09732225692655194,-0.04926501584504257,-0.02216360418090259,0.05250146633611448,0.1692198070431744,0.3374642628849798,0.14275696960461362,-0.49072078925462215,0.33873638801413763,0.05245474560556608,0.18210735460893873,0.0725079061150257,-0.31228283790300204,-0.37206407758885207,-0.15560167620997042,0.029135103723457373,-0.21536182742263427,0.20639200271776997,-0.11340458514290569,0.07386730294407298,0.13890575154767298,-0.01478764387766724,-0.19054492617340918,-0.0705557254005248,-0.1340753615516184,-0.1800078270193088,-0.24614368455578484,0.17735556553302906,0.41713534437673294,0.028740500419367574,0.08071809322209324,-0.04708691881342539,-0.0697391754149566,-0.23798521559634184,0.23663821861600592,0.04523571609511779,0.11059050816867184,-0.04999679305965085,-0.41819174372417717,-0.19597028063522934,0.09455144697834275,0.061647687051287384,0.01167558015939623,0.14248570819424797,-0.2571118219160982,0.20537835173039326,0.4116058936948083,0.2455957970922746,-0.06626812003309517,0.29675261096189104,0.07747532499401942,-0.01963883055741567,0.11309824816124278,0.2529887376371147,-0.45225729949917615,-0.3724506309363626,-0.2812174200182249,-0.08017047724618537,0.08840205089924744,0.2711216497216173,1.0,0.0,0.0,0.0,0.0,0.0,0.0,0.0,0.0,0.0,0.0,0.0,0.0,0.0,0.0,0.0,0.0,0.0,0.0,1.0,0.0,0.0,0.0,0.0,0.0,0.0,0.0,1.0,0.0,0.0,0.0,0.0,1.0,0.0,0.0,0.0,0.0,0.0,0.0,0.0,0.17007836576191707,0.10883680556846032,0.055523767570117386,0.12841363263662944,0.06232336496638806,0.07421786601150253,0.10703825767488055,0.10185402886493142,0.19102022556173578,0.14128749798880888,0.028125128918962294,0.08756632882624081,0.027479609888505237,0.032852454725160796,5.533781764119055,-8.274915465967752,0.0,10.422804323711262,-9.777583000335426,0.0,-11.199501247386706,-8.527993169130013,0.0,-4.000240241686811,-2.1722382182023523,0.0
13,0.40085894107686415,-0.3325543278860236,-0.08604193711895046,-0.14854308331854912,0.03999895233668778,0.1174833283286939,-0.13573290517240857,-0.21162443573723486,0.21683990072626555,-0.12212750023807523,-0.2981169548818066,-0.06135448655386974,-0.06200397137237847,-0.1521176216701712,0.11369602485331287,-0.042346284952395695,-0.3146348063697748,-0.10859812224258542,-0.09860768875713985,0.12318367989521654,-0.0017246593086729146,0.08062788049786163,-0.03281064709457041,0.14295801389649396,0.496446460723826,0.04328823287766857,0.032683545767668645,-0.12076063614187453,0.10668515790998198,0.4191272660778981,-0.11645941061061077,-0.1813248939189015,-0.23992048034381935,-0.22192722343435886,-0.4447976028811198,-0.3003843635873408,-0.3685204844522653,-0.19904616060594968,0.2863727049439884,-0.09705673499072659,-0.2812296649280486,-0.2670871113101797,-0.02246081048632645,-0.11472466013337661,0.05253235776149603,0.3322365901304268,-0.12222891193077082,-0.4378308619657626,-0.17808318047686258,0.20766354920431068,-0.6725050050905631,-0.29259964700410235,-0.20794221795829673,-0.09575797732354853,0.08870465295286888,0.08815244232150216,0.09437615115285244,-0.15846696869415022,0.1876509155598828,-0.23412257029580327,0.16160187125954106,0.21627881676561211,-0.39725417711497285,-0.29646833047164484,0.3199651676363248,-0.27756043200674413,0.023341200694552387,0.12058280163920124,0.025486131242644827,-0.08485772260174787,-0.12600351067924642,0.3522878890464069,-0.016283249931014366,-0.10726483206682354,0.0648917657292191,0.047664690462897244,0.31535887999047596,0.024992565230444422,0.0048392159796859634,-0.18296602108081061,0.0,0.0,0.0,0.0,0.0,0.0,0.0,0.0,0.0,1.0,0.0,0.0,0.0,0.0,0.0,0.0,0.0,0.0,1.0,0.0,1.0,0.0,0.0,0.0,0.0,0.0,0.0,0.0,0.0,0.0,0.0,0.0,1.0,0.0,0.0,0.0,0.0,0.0,0.0,0.0,0.07817869294636545,0.17348076526138625,0.0533493648492752,0.17102816786621,0.13782071481486666,0.1624020579322795,0.053767137751525196,0.1595196717934198,0.10789694347152684,0.03840915129351018,0.02940324586103358,0.03654617474524588,0.07020842976518972,0.017180818160420035,0.527112134707977,-3.181457092339656,0.0,-2.6185245655185554,-2.7759959290298752,0.0,-10.998785329398515,0.8919973058251571,0.0,7.451329942116217,12.849873489166896,0.0
14,0.25458352076797747,-0.26921170949838946,-0.011709189902711118,-0.30930619273132637,0.2896652727880193,0.08726178865113175,-0.13149685215968188,-0.026855026686976504,-0.13191320478253302,0.3472146817049253,-0.20808029344760193,-0.34102519094918093,-0.11815009932426668,0.282753965022999,-0.18415141375557634,0.11783945469067336,0.37996301813735595,-0.3605114370901018,-0.20219761824819987,-0.11801167811028025,0.24568013053149598,0.18657581231221057,-0.19231953921572378,0.45552305196815746,-0.24838570215549108,-0.037980777208899905,0.08030933186220458,-0.22494004316939786,0.0985211023031132,-0.09943820857436601,-0.2164204400479178,0.35894272654601533,-0.32048159874261484,0.10128401633641182,-0.04065437939065414,0.2630629443254296,0.1258018106505379,0.14190831364072898,0.04385385329125354,0.09284226632216687,-0.14624207244123272,-0.12263138007631659,0.01928979655293241,0.14194974509160252,-0.20501335880640034,-0.1170638836280206,-0.11216299889421838,-0.5354380490777682,-0.11561949405643894,0.3067389138345753,0.28385475510434716,0.12024012178851878,0.026112478724663945,-0.051283500763108385,-0.30154342780129334,-0.09295778225554874,-0.19635733083139897,0.21161503521570388,0.26328285474518104,0.1377628872582474,-0.33343531405105914,0.1025018491843749,-0.22621721226403543,0.27514679813700743,0.13192246822098588,-0.026571868118870922,0.2264091076163938,0.11398483911884344,0.36849255647024715,0.23204954548249995,0.03394470112778316,0.26819662289499113,-0.05541558179617775,-0.12223708559144747,0.05696569814842578,-0.11468942861448828,0.42175972832995795,-0.38293980973556985,-0.2338442936553844,-0.3275561983512658,0.0,0.0,0.0,0.0,1.0,0.0,0.0,0.0,0.0,0.0,0.0,0.0,0.0,0.0,0.0,0.0,0.0,0.0,0.0,1.0,0.0,0.0,0.0,0.0,0.0,0.0,0.0,1.0,0.0,0.0,1.0,0.0,0.0,0.0,0.0,0.0,0.0,0.0,0.0,0.0,0.14374637848429156,0.1607213238610175,0.03826571459154467,0.10477697263221387,0.042201062337614205,0.08758163657224542,0.16430314900375814,0.04120222454287445,0.05655702529342198,0.05390897831001633,0.08358620687258049,0.04969302515637403,0.030055366605401514,0.01141083195956262,0.6301154896964363,6.486928177855759,0.0,11.381702155930498,1.1673442005164816,0.0,3.281109070448224,-7.85491609101561,0.0,7.12329222269193,1.076062265562797,0.0
15,0.16249669064483366,0.21149010827256337,-0.03222466095115377,-0.04713417970756056,-0.117545782856797,0.13223060661540353,0.24323524355301035,-0.20072198529324234,0.203564660439249,0.22015595597450582,0.3821721154518539,-0.15802196028770424,0.21559982393806373,0.02999341321276047,-0.27999338347683256,-0.01052116919520726,0.07742030550535334,0.2900862432994719,0.3469504377267752,0.21084612235893058,-0.052634686862538214,-0.1968971976067977,0.03241792591259848,0.14595540414761712,-0.12104482518422185,-0.18394121523894294,0.008752767798613401,0.2848551666782711,0.6333236302298227,0.007280752778382182,-0.3183499596425829,-0.3440941435728796,0.24385279015925015,0.1683625015745913,-0.41921799401492443,-0.10858877967544037,-0.12293196835129627,-0.036212705901161595,0.03627893900531836,0.14730864827796816,-0.016886666973524565,-0.3568530790608997,-0.06330606896040371,0.0030929894253846203,0.4077573101690751,-0.10699622109729319,0.03436183584605557,0.06423130886072478,-0.05709189416529342,0.6221079002381931,-0.43538900662073765,-0.06010924222858936,0.020867302042367437,-0.0020426307133871078,-0.23155199740121826,-0.35462698077774174,0.16539624850588597,0.06098015281417896,-0.20980815028385918,-0.004703617539549288,0.052434765266426785,0.24526801962503939,-0.11806365832711929,-0.3816430125612589,0.04515811107333745,-0.4033678979606273,0.07406034144967417,0.05523705187859774,-0.0010751795111391047,0.09732262546912243,0.06977412796725392,-0.37233854513166526,0.2742815796463638,0.09123834789131711,0.15379035330646576,0.13384418951517285,-0.24440330182650558,-0.019639694898863032,0.3667821170799686,0.046848005274349486,0.0,0.0,1.0,0.0,0.0,0.0,0.0,0.0,0.0,0.0,0.0,0.0,0.0,0.0,0.0,0.0,1.0,0.0,0.0,0.0,0.0,0.0,0.0,0.0,0.0,1.0,0.0,0.0,0.0,0.0,1.0,0.0,0.0,0.0,0.0,0.0,0.0,0.0,0.0,0.0,0.1508479284221855,0.02708467877226131,0.18609677865357688,0.026388173280726276,0.0638559534669789,0.15660892762557174,0.05620948992317176,0.09710777611355857,0.15896338995564654,0.13045720014298356,0.05604667527720337,0.02142383764626149,0.015841673736749693,0.018547988167848646,-0.3283867065307504,5.362010435950992,0.0,-9.272334104572934,2.438085209860674,0.0,-7.273091311407256,6.1697064750610195,0.0,-8.641538182037038,7.88390969169501,0.0
16,-0.24946288556571672,0.23099088713673427,0.07216723205653663,-0.08492614096298393,-0.23318188418329394,0.2791676267423348,-0.2894658821642911,0.07964327688288472,-0.4843982385657259,-0.3187539837877371,-0.3146710712331105,-0.10936695589698145,0.23838128008217738,0.16734575989015446,-0.23925447922106532,0.20331690495521026,-0.06640550510762289,0.021420695911237773,0.22704169279861244,0.3009338451308521,0.053255872608467994,0.09333764772829,-0.11183910934414233,0.29516566908726793,0.18212984936418858,-0.35944226092169224,-0.19521428843533248,-0.27632324502548467,0.09797224607060344,0.13769552849307656,-0.037588687687574646,0.04757990984682451,-0.1954899615883176,0.19897929586700838,0.16165349880392066,0.09605262443524577,0.2946736232449247,0.5070032518307497,0.27047611086028595,-0.04011524732132435,0.19123496247241026,-0.06103790719920935,0.14417964704102681,0.07977337401159287,-0.3134731796856296,-0.16756170394732844,-0.10469346838633202,0.053544349262812575,-0.14062538457218274,-0.29310353902227776,0.10469410281220408,0.26270626057229624,0.3551371950385048,-0.09276220474296427,-0.0006439208535440408,0.22006554901195205,-0.08203019754513911,-0.059819216667769584,0.3434532097775495,0.40894166234979257,-0.3027139015763473,0.25145170680810597,-0.045599845377388676,-0.14134630507119025,-0.22947687859555632,0.02845066452562066,-0.022600805925481766,0.14448002707668905,-0.5705523462699368,0.07825099839795183,-0.34373165186531573,0.18407667462746266,-0.1921110857394961,0.23822767713873183,-0.07483322370320135,0.42230988870903824,-0.1169051721039543,0.10313666228263473,-0.023380000471900076,-0.10006878433481038,0.0,0.0,1.0,0.0,0.0,0.0,0.0,0.0,0.0,0.0,0.0,0.0,0.0,0.0,0.0,0.0,1.0,0.0,0.0,0.0,0.0,1.0,0.0,0.0,0.0,0.0,0.0,0.0,0.0,0.0,1.0,0.0,0.0,0.0,0.0,0.0,0.0,0.0,0.0,0.0,0.1733048627163773,0.09069743798471222,0.05353891268124142,0.10945046307155602,0.14967969384026356,0.15840802819658442,0.19076658007927427,0.05713866864754168,0.04619407298423142,0.04791265068466176,0.04599339388725572,0.08171462221232216,0.07278586090914496,0.05914298844125538,-14.694883181642126,-1.141055545686811,0.0,-11.382800265016812,-0.4480147499243685,0.0,-4.518470096509191,1.5558542480666517,0.0,-5.559650929167333,-0.22414418769236022,0.0
17,0.022677025084868473,-0.019074919213598312,-0.23169188091811685,0.009785904720771952,-0.21406362776976615,0.0788309781590273,-0.18810347733826172,0.05176745585933504,-0.06752258059519455,-0.4756157775206197,0.5594074237845229,-0.20067264491682207,-0.11286130905469725,-0.20111109757423823,-0.11247572369584216,0.4447547118548868,0.16766350639050845,0.2822259896688451,-0.1177406100074177,0.13785806596455533,-0.27247041046425696,-0.5592015866434525,0.12021380202346602,-0.03199989843306235,0.005857223990728086,-0.32285086179841604,-0.3269175512349615,0.276459448013351,0.12228787310230321,0.1250160396647536,-0.38819256656700585,-0.186154451833068,0.1543298214043542,-0.4620997284688095,0.10945471557720898,-0.05464225112277919,-0.05884334499007056,-0.2617954324305797,-0.045888030962461655,0.22085341718652154,-0.3810910010368777,0.34140358286050676,0.00015617309450247012,-0.30210442921013264,0.04527408717121677,-0.09292730297246606,-0.35553469275729926,-0.334517161375957,-0.03275103603223508,-0.1461390439195578,-0.015893478010269618,0.12106112599742962,-0.057668349144449786,-0.26755460884726173,-0.11957190970333656,-0.13846213428911694,-0.06453047745049695,-0.28463998534777035,0.18349829577525745,0.019448294551588613,-0.09943637884852459,-0.11012321241806897,0.23132923611478046,-0.12160534285113592,0.09349060585207203,-0.011358335013361635,0.2612008683591268,-0.1651298473824188,-0.0014949486233810068,0.2911040827628217,0.16580837312938923,-0.5478150361178333,0.12476095269995188,0.0024875624810679476,-0.007803172452310409,-0.11012320097802417,-0.21535173765750235,0.1568662305505521,0.07526055420610007,0.0863191657439126,0.0,0.0,0.0,0.0,1.0,0.0,0.0,0.0,0.0,0.0,1.0,0.0,0.0,0.0,0.0,0.0,0.0,0.0,0.0,0.0,0.0,0.0,0.0,0.0,0.0,1.0,0.0,0.0,0.0,0.0,0.0,0.0,0.0,0.0,0.0,0.0,0.0,0.0,0.0,1.0,0.1338560203041485,0.12465457216542639,0.11109240394992934,0.028881208152199668,0.04116586694580801,0.08722179658255443,0.05793122375477379,0.1907284914432693,0.05234960882661402,0.18180682478658294,0.05030494949497201,0.03644429073216787,0.020274928839622612,0.028658379825531523,4.10287759997243,14.084414453507293,0.0,-5.5354503455654935,-5.300178624725959,0.0,-6.503802959075415,-0.22939377730818933,0.0,-14.305423901145673,0.5834034221280717,0.0
18,0.05575517957601839,-0.12370859277911705,0.2308548210182697,0.1690797154917888,0.17180732831723144,0.5228847789497425,-0.17838649100050966,0.5986250142264635,-0.2515871872203248,-0.1821155264276016,-0.13033702975212924,-0.2511582808615337,-0.12284901070190085,0.1390227598857848,0.05463949845430748,-0.2086671800827524,0.17662322241352768,-0.0011606985861055375,-0.36305022547596405,0.16437309320096827,-0.3282113009974306,-0.12535367532110653,-0.018085404713498423,-0.7639783639665095,-0.1171039356759363,-0.18087506538870018,0.07490942648657445,-0.050355816650941285,0.21748285880316895,0.1261696673715528,0.06002244705071474,0.03821196005503859,-0.21754897299927495,-0.035404615772326585,0.09796705296332726,0.14246003392451598,-0.36215262465485015,0.11375402588478328,-0.09444107254548914,0.010832013001055447,-0.028714924603729534,0.02442220350477362,0.061113827024231,0.03082053115904883,-0.18342705673472343,-0.04018488089900078,0.13795583886510157,-0.06462933292749641,-0.0022326145997886983,0.21345658885875252,0.22237695321365544,0.37253456930651657,-0.04630790254021485,0.4705412857258978,-0.08059043142781869,-0.1435723106433867,0.04767469052116847,0.09132312189167202,-0.3535407246187593,0.2728833376043224,0.040190500885307436,-0.1648880369656402,-0.10113339832904425,0.24880509208120097,0.0404449891110013,-0.04159590016120701,0.012841126433218757,-0.19255219286990033,0.03990028732080933,0.17789147114082182,0.02429287872202199,-0.05642886118035979,-0.08699751171086734,-0.6376184990251859,-0.11577664945322105,0.029458153706953278,-0.2675084226992461,0.10605724232460184,0.19010639913551935,0.4606637854315346,0.0,0.0,0.0,1.0,0.0,0.0,0.0,0.0,0.0,0.0,0.0,0.0,1.0,0.0,0.0,0.0,0.0,0.0,0.0,0.0,0.0,0.0,0.0,0.0,0.0,1.0,0.0,0.0,0.0,0.0,0.0,0.0,0.0,0.0,0.0,0.0,1.0,0.0,0.0,0.0,0.1050030107903508,0.040252171563728706,0.07505198315362059,0.10847254509890804,0.13912445420183658,0.13768251383002014,0.05566481371783552,0.1626232542207664,0.04465144913126014,0.06925563803817966,0.05740998438168177,0.07782366912260075,0.020748288586558444,0.032180162512128886,7.593599709902378,-8.529877992354102,0.0,-4.59443958593846,-1.0993700237807502,0.0,-13.582841439966614,-2.9535239400667592,0.0,3.4280077912221714,3.3021708356059207,0.0
19,-0.33746948188640463,-0.2922011523229434,-0.2468948848826364,-0.11988165146177712,-0.03148940814770826,0.016227654091240076,-0.24661680478212816,0.30309081591538445,0.3013769190473359,0.07093571433009911,-0.028188785809880382,-0.27984729884891246,-0.3750235857462894,-0.09049865802599663,-0.33899740738813866,-0.12922614128634416,-0.2118566072423341,-0.0690214775969088,-0.13945181831321954,0.182514780758658,0.3168049165377133,-0.06844921456958895,0.19353654731445516,-0.07980825956146932,0.33957392782335805,-0.13858848522451592,0.28500245365124344,0.14372676719741379,-0.08191665280267374,0.3500868525457867,0.3124079383163399,0.13848989125794461,-0.014335053572639282,-0.31616003658920067,-0.05856040511759781,-0.33532076309245407,-0.10001961166305609,0.13501623634680235,-0.31863568108247486,-0.10783908098174745,0.32015594623279753,0.27557570609803556,0.03758749420487689,-0.038585090708044625,0.11368228904697997,0.22219015366729478,0.2970168138489188,0.2801384018819286,-0.1351294700984578,0.21682565756431757,-0.2231548178792731,-0.13221045887414745,-0.2006696156450314,-0.3292167932825551,0.09111426495137862,-0.38592771581181895,-0.11797613493754519,0.3239979512120076,0.20700577471492013,-0.055837202610499855,0.0867155172900815,0.32620575463745605,-0.08058424308076133,0.10591843472699579,0.02118983672422591,0.10035474015261502,0.07765157946859261,-0.26698508769364576,-0.020467276193797665,0.5153245031851325,0.03912585449079285,0.11594698645457116,0.5031268913195767,-0.2621568994292688,0.16414422421309569,0.22355966748847086,0.09835861088817403,-0.25417611373873694,0.030148990217704657,-0.19196351240085596,0.0,0.0,0.0,0.0,1.0,0.0,0.0,0.0,0.0,0.0,0.0,0.0,0.0,0.0,0.0,0.0,0.0,0.0,0.0,1.0,0.0,1.0,0.0,0.0,0.0,0.0,0.0,0.0,0.0,0.0,0.0,0.0,0.0,0.0,0.0,0.0,1.0,0.0,0.0,0.0,0.16663813601659933,0.04731295360084382,0.16592102082466237,0.17958529489315492,0.09458889725336941,0.15087975364274778,0.1872457882747785,0.17642994770941242,0.02397500332818323,0.06411860528099021,0.05208518766118064,0.052537015275319295,0.08859816559963207,0.06758982095130725,0.02198755628978688,-5.15022721574843,0.0,-12.681815152211158,6.458771116123955,0.0,-5.168521327899441,3.388737296769534,0.0,5.427668551602892,-1.3626067935116453,0.0
20,0.1784106530445342,-0.12865389566694377,-0.20792781359197968,0.16373720714685952,-0.4524607023198972,-0.4508466849284928,-0.12460681455991793,0.2913215645486871,0.16038299043769427,0.311707601367137,0.008253818319346068,-0.032418649044676534,-0.031626008091445,-0.022387406009010784,-0.008611565096750127,0.06762922128680213,0.3844029902876712,-0.0959570448988213,0.00443750566009914,0.20535181874742314,0.19384850605984655,-0.06624876126141767,0.16153373529548212,0.04488915176550053,-0.21640236978325156,-0.2488532725509213,-0.36114621530886715,0.10181270050890424,0.6567731581041127,-0.12662231553668407,-0.2520354054049761,-0.5417415216076946,0.30511890157039223,-0.0842161858154977,0.0014846125783495906,0.16590159987764946,-0.0441928199098837,0.06896130713841238,-0.1572800363096371,-0.2179161733529267,0.2737280036962811,-0.057551079684516726,0.09122659606881098,-0.16789765007372223,0.13625075619399,0.2533874844895887,-0.03318539445601468,0.09516214601056198,0.18236130302843,0.09683907092140277,0.12217766185323668,-0.331556042635386,0.09919946904424642,-0.12107662007959454,0.20762962585340022,-0.2001216625114829,-0.2599244006160851,0.4660357929509754,0.0797026685633868,-0.5195680670278938,0.07514957829349633,-0.07778967484093946,0.10659270283348717,0.22209315686502543,0.21170214587447087,0.1757895132921434,0.020101015675115415,0.2731467081027679,-0.09487348056422999,0.029515418439418364,-0.1460328533642723,-0.16301705687358112,0.06928036058566431,-0.06287071089010743,0.1032105666813333,0.08174907646893698,-0.12895670926014222,-0.2081347706833862,0.48650952889017773,-0.25635184400572014,1.0,0.0,0.0,0.0,0.0,0.0,0.0,0.0,0.0,0.0,0.0,0.0,0.0,0.0,0.0,0.0,0.0,1.0,0.0,0.0,0.0,0.0,0.0,1.0,0.0,0.0,0.0,0.0,0.0,0.0,0.0,0.0,1.0,0.0,0.0,0.0,0.0,0.0,0.0,0.0,0.04812965808152106,0.18010911575229166,0.14984463559187924,0.06361519688291244,0.11721770135991193,0.13431316389931028,0.07531706247927616,0.09234452593909502,0.17454871162665064,0.17826216459500255,0.015099053396274986,0.0384635340946458,0.022785980192707785,0.011159599751967945,4.035962987919788,6.1154245867899135,0.0,7.6186502343718985,-0.7480693250464014,0.0,9.08446741882966,4.1439372689834215,0.0,-1.8254440403861167,-10.115375957791343,0.0
21,0.2092326988208933,-0.003802546003652278,-0.23079715696979664,-0.013723103023782482,0.04949065047226785,-0.06077511395888655,-0.25989470614274013,-0.2654302256439975,0.4182882699100253,0.26883572209577394,-0.14692307410395325,-0.2335507685705817,0.09953735581002945,0.18594760620030865,-0.2926315619432069,-0.1500430777130986,0.005435172266408532,-0.422688429572541,-0.21375845706934593,0.06818171946761038,-0.2896112366335616,-0.13623355940216822,-0.004796696058321737,0.15799863175519807,0.11059157669800371,-0.2777955174824311,-0.24549465709819285,0.04007231644009958,-0.3028458531072687,0.3466747557429296,-0.2538397402338834,-0.12334308498924941,0.2721425336713934,0.05481511798511105,-0.150266122809227,-0.29652823449438415,0.16475080778914206,-0.20472382655158056,-0.371372862603258,0.14774329507283368,-0.16047741549396677,0.00976915963473995,0.4310425439798415,0.3635328120642011,0.1419878679793243,0.21972469309051246,0.17507568767337917,0.21464635148441696,0.009887307705492444,-0.14936003015391702,0.09718693089775123,-0.16932286369913122,0.08830314857972726,-0.20300706257636594,0.16053241539049315,0.4710562015068791,-0.2310208671109492,0.2585737339392979,0.29338578884111477,0.03324358730225727,0.2334225835596143,-0.22224133518289,-0.001256125897306011,0.19201408492954025,-0.0467561495578225,0.24005941224074415,0.31032708987722346,0.36714705681026394,0.27298394828939737,-0.056770178409636565,-0.1597274065303763,-0.31165005523251277,-0.04278871779947539,-0.1279314815113171,-0.31141312858266973,-0.008583652386309811,0.25577046457518404,0.2617028659005997,-0.0058125340341348645,-0.36352124104714556,0.0,0.0,0.0,0.0,0.0,0.0,0.0,0.0,1.0,0.0,0.0,0.0,0.0,0.0,0.0,1.0,0.0,0.0,0.0,0.0,1.0,0.0,0.0,0.0,0.0,0.0,0.0,0.0,0.0,0.0,0.0,0.0,0.0,0.0,0.0,0.0,1.0,0.0,0.0,0.0,0.17876235888357042,0.17621216914061028,0.12211590318163762,0.029822702106057256,0.11021858456585719,0.06814068022494855,0.10416915654971766,0.09376329612574812,0.0706479994161254,0.04913062670065976,0.08819219153951466,0.033254576033284675,0.0702362125200752,0.027350617685962787,-6.06173245169748,-4.115204381345336,0.0,-13.248450382271614,5.199528575364582,0.0,2.9366395709781727,3.721538204078314,0.0,-11.23444886320084,0.42133390024426376,0.0
22,0.21306071326929996,0.21680772231398446,0.03640068291807961,0.15684017076160467,0.5946299702658987,-0.22137501366451923,0.09435683847984264,-0.1256846928834366,-0.02958018952337648,0.27913566734557504,0.6484921834731986,0.04980826512941883,-0.07387862924567612,-0.3505516425455914,0.3056393137316659,-0.13006616717668207,-0.2674735332938356,-0.02443888544450737,-0.05047052827069305,-0.0886503213121229,0.3663038766973139,0.10759508239896089,0.1508632447213914,-0.08507515053898507,-0.04920125821143438,0.012288479879453421,0.3025691071178164,-0.5128488774758343,0.11204617416134069,-0.058172901007043906,0.3737654395525371,-0.09460603567040698,0.4738111746288364,0.3493088515849775,-0.04782228359180957,-0.18972669651430038,0.042422286570220596,-0.010958659067581878,0.26262414991462935,0.25188575841133715,0.14504531662389503,0.17195179696178423,-0.32792374367169397,0.268964232262318,0.3276710865484552,0.08276105781931371,0.1524491062433065,0.031095341832123202,0.026313553863059346,-0.0774166792259535,0.06911496187825684,0.1283598870793926,0.2633692655382855,0.07157133138961265,-0.08250575585494113,0.03504725565579823,0.0483567459738848,-0.048682241215133336,0.18311563035914616,0.33725401918190195,-0.1949119866457674,0.2990249269562888,0.12171580231788437,0.15115152673641685,0.39693267937457877,0.2053330345629319,-0.28569047304511314,0.015117845795184333,0.015622147894226423,-0.06555963894174016,-0.01703279865390065,-0.12086671464826362,0.3961970956005426,0.1874060103571349,0.04603939134310213,0.05234418015886197,-0.0733729186763473,0.2869645017716867,0.08078171576502044,-0.16157077078689075,0.0,0.0,0.0,0.0,0.0,0.0,0.0,0.0,1.0,0.0,0.0,0.0,0.0,1.0,0.0,0.0,0.0,0.0,0.0,0.0,0.0,0.0,0.0,0.0,0.0,1.0,0.0,0.0,0.0,0.0,0.0,0.0,1.0,0.0,0.0,0.0,0.0,0.0,0.0,0.0,0.0827242059055539,0.16928060159849045,0.07234851119172381,0.1711983819640523,0.06215065115178375,0.03540849135044691,0.11731725451168429,0.09420315546228886,0.041870009236242824,0.16791930803093952,0.06442421747275157,0.01866115191929036,0.061856229664529104,0.03921976519801381,-13.063753783961943,7.101343749540547,0.0,-6.826583706663058,10.224300532872348,0.0,2.0501659885306935,5.434439351864995,0.0,8.417890474457408,4.986733846626464,0.0
23,0.19984267363482136,0.16985397289664084,-0.30266571037075213,0.5104826925366236,0.23151515879610543,-0.13235340322178168,0.14919652144388534,0.01076012503638307,0.32266805699530327,-0.15424606492517048,0.05975019542554297,0.1266571218563524,0.24233873154760605,-0.031179328012074483,0.445608682018014,0.08388708497893975,-0.035283699354826996,-0.05521625685135228,0.25334410712571626,-0.08164280156775598,0.26433896501148896,0.3741408880025773,-0.23889336975492326,0.11671349925273973,0.08999004053249836,-0.13455274292422323,-0.3561508943151899,0.36119359456006483,0.250985985275623,0.23519180161557823,-0.12565992526392114,-0.032020572511164254,-0.611117642872336,-0.07284886189781417,0.05297688495156006,0.2608170578138885,-0.263820519127076,0.0680379450533193,0.07113691138547037,0.09866960712390704,-0.05143226972222163,-0.15922743908850628,-0.12826302842475643,0.14311082544975892,0.124376633619823,-0.28036590608198964,-0.2370131048055395,-0.08726914568895365,0.15241679000976838,0.33404711310670837,0.1318594276918566,-0.12363582185886843,-0.14220004550500873,0.4040306436235333,-0.15881091507913897,-0.43405980891679075,0.3323376192457403,-0.13553132183246636,-0.25706371162532116,-0.12360837340754603,-0.09924250254662213,-0.3389899308407034,0.14494683350181398,0.2269373626944194,0.21317667710046076,-0.026908916431928515,-0.19639085119565247,-0.1274974885250207,0.09701842684276547,0.09977986057684063,-0.4692515311132008,0.1298010426567155,-0.22733949710450593,-0.006685181944069591,0.05308043594293369,0.29564520854250964,-0.05334597417281095,-0.17885009860898496,-0.07433473763154215,-0.15873938867942916,0.0,0.0,0.0,0.0,0.0,1.0,0.0,0.0,0.0,0.0,0.0,0.0,0.0,0.0,0.0,0.0,0.0,0.0,1.0,0.0,0.0,0.0,0.0,0.0,0.0,0.0,0.0,1.0,0.0,0.0,1.0,0.0,0.0,0.0,0.0,0.0,0.0,0.0,0.0,0.0,0.08605259933050317,0.02602239164649192,0.1759725463453496,0.16476007783131394,0.16669434857709753,0.042437347709084916,0.049282267846131086,0.0945702403158395,0.05444062354109175,0.021599102086202953,0.03886080471169891,0.0501103572447606,0.01917899190378422,0.06114316387238319,-5.144449067917151,-2.963474559713063,0.0,6.797034796416284,-5.994991844578408,0.0,3.468612032168437,1.9111505840546101,0.0,3.190558341182566,-10.366987867799509,0.0
24,0.19382139446902316,-0.33568305182222336,-0.051881643712648556,-0.16894950400662345,0.0629864252813895,0.09790680570656125,-0.07698194928655673,0.12066697187620215,0.363766948239543,-0.3087634985267781,0.20057256598799209,-0.20663413797639169,0.19965522065300498,0.4055331494825466,0.13560435763755802,0.5122726777263648,-0.22272254088659696,-0.19061525497612605,0.34399901155729773,0.05002824941991413,-0.2453323685260973,-0.10398549429566646,-0.5539324877223742,-0.07347647349493959,-0.028289550751946495,0.4907023926746653,-0.13134816926857112,0.11738500646537608,0.0063826990838824985,-0.09340317310797676,-0.15774309630615446,-0.055457998967684094,-0.49224195079624755,-0.07785856188542425,0.0703267936385933,0.04004298502328173,-0.05524959786414574,-0.4814200859896439,-0.05944945232752434,0.06664600232435416,0.23208050094084132,-0.016405019991506353,0.19039009178309346,-0.020435261356172796,-0.15883379120167454,0.1820655353268299,-0.34425468894243055,0.3237297198644902,-0.02929571920142714,0.42833455356865535,-0.25667606427892203,-0.049331648823881406,-0.03887457011529509,0.03742533964430055,0.19010728807579222,0.060321068756907806,0.1585908554236498,0.2826908106120561,-0.09532966195283299,-0.0019324713885783681,0.06385480011552441,0.134260140180356,0.19161704477557032,0.25806690496253787,-0.028972427081602307,-0.03149730338406664,0.1716874699725965,-0.33765941977034575,-0.14129495093855196,0.21134896997682626,-0.22855777947365571,0.17060550066010108,-0.07871356026978478,-0.19980376186513585,-0.06812826725157373,-0.39330770948964555,0.17338345890728385,-0.30489061773345094,0.25346360605457324,0.01660718927759916,0.0,0.0,0.0,0.0,0.0,0.0,1.0,0.0,0.0,0.0,0.0,1.0,0.0,0.0,0.0,0.0,0.0,0.0,0.0,0.0,0.0,0.0,0.0,0.0,0.0,0.0,0.0,1.0,0.0,0.0,0.0,0.0,0.0,0.0,1.0,0.0,0.0,0.0,0.0,0.0,0.1010174274967703,0.1914088600825209,0.16784731177464587,0.08942805910100853,0.12298357273654838,0.10990047590785694,0.09912388865260631,0.12258069864910003,0.12492874124051238,0.0932251422926157,0.08421328874369784,0.06943574814345402,0.050097069050513324,0.0672778991188723,-2.088942595100434,6.575681500165672,0.0,-0.8348875417473778,-13.518024174710035,0.0,-10.12815187999712,-5.450640088931294,0.0,-7.222135865568532,-6.517200982840734,0.0
25,-0.18543376414728302,0.06547331123795859,-0.2436934572066485,-0.3091882484416521,-0.2934518145416026,0.0034940269080833263,-0.002212762846154836,0.19230307032560173,0.3303803302825268,0.1524234478100173,0.029654881046072796,0.17151897534313038,-0.002229344523514134,-0.1415754498161454,0.16017750047536797,-0.3579270286832215,0.1022614592519898,-0.15892501331719455,0.21617068580436632,0.18453908233637564,-0.02463660573160625,-0.019266540957308335,0.23430917305074672,-0.04920083288130324,-0.21712115295990148,0.22229466054073174,0.6047440679568361,0.3258988660347654,-0.2183365829699059,0.27357717897213185,-0.10903724616167086,-0.019058804446736875,-0.17663047424916611,-0.15890174100314794,-0.07082910128006185,-0.29550882645016396,0.14232978788997153,0.18667936604431976,0.13166540677189714,0.09033825815715767,0.18588735950583007,0.1567769102518694,0.4929853716847008,0.09998552462127608,0.0684328803140658,-0.31288639448049366,0.08020076546426338,-0.06223483246340593,-0.353667977656363,0.02675734029615805,0.280846032655728,0.4672203973378378,-0.20396008901496912,0.3019815903661965,0.08442663738702007,-0.0708998199395292,0.03619412771424138,0.2452478598393432,0.3192567393584402,0.27182279156415284,-0.30055401484892674,0.1873130849492287,-0.1996749791463794,0.14298575730077845,-0.01382110552447698,-0.16752046113781838,0.0686659597696967,-0.14323795190347322,0.10616967071858559,-0.01452026071369733,0.5336512835894994,-0.08343547117214052,0.4229330942242549,-0.08515729692112907,-0.10002495694750387,-0.02698716003433659,0.10489812751658416,-0.41680828257594543,0.044009302060680516,0.28823839758011455,0.0,0.0,0.0,0.0,1.0,0.0,0.0,0.0,0.0,0.0,0.0,0.0,0.0,1.0,0.0,0.0,0.0,0.0,0.0,0.0,0.0,0.0,0.0,0.0,0.0,1.0,0.0,0.0,0.0,0.0,0.0,0.0,0.0,0.0,0.0,0.0,0.0,0.0,0.0,1.0,0.16889949645865085,0.12342289920030353,0.05631968945438297,0.07456126733249413,0.041894534127927804,0.16844010131799814,0.04487946716085102,0.19362143190962047,0.06881223624389894,0.059997121429057554,0.06329115950780782,0.03822492595238608,0.01100728997679342,0.0688930986003465,4.9731519166322755,1.853741944779415,0.0,1.6360995299850742,-4.503906581392357,0.0,-2.078173321417637,2.854956828988975,0.0,13.198515587862403,1.3664830223106321,0.0
26,-0.009513763777639466,-0.12749027752278894,0.00576580485347706,0.08518240853561863,0.2820856050420472,-0.13992264773519766,-0.21055629970795012,0.13059791670539478,-0.15796758217114293,-0.26968757227038503,0.2663553919490164,-0.18272861634969104,0.5069365039260201,-0.1745055666086972,-0.18181762836454812,0.22239277161661566,0.4001415883478452,0.1363011377553312,0.25190140408769596,0.14976798931463292,0.22618067316710058,0.08886794230567925,-0.06319666874812092,-0.21252795667688035,0.21662538894886574,0.2286593932481005,0.035180413695790336,-0.12533543001581637,-0.33579841506374253,-0.19926226192648772,0.09957399334277493,0.015110659348205433,0.5633415769222065,-0.03771597462731649,-0.06534097896546845,0.25262773705969693,0.06405636706070265,0.1511671056427207,-0.21577822684975959,-0.1169548725679779,-0.06796153486662314,-0.12401831161600643,-0.0363279450838411,0.09245740750314328,0.4313431807104342,-0.1132863371576522,-0.26270904928129024,-0.44969411161645684,-0.4130180720780699,0.21807791179085037,-0.09699417154725297,0.12741149358625242,-0.12179054601246538,0.010872091074582082,0.3722609677900341,0.08678765201684269,-0.20015702511231143,-0.15385807245158697,-0.07989817589517553,0.06568188938170895,0.3829940210470719,0.26032050883198576,-0.03056538391704469,0.15247762459676445,0.06505264322459635,0.17583065577167004,0.11604335489464956,-0.5057972492764515,0.23868521082334523,0.15201262351006398,0.26184957373942425,0.5212446736776108,-0.06697479457183463,-0.09369008554360793,0.029442235831544677,0.15307588003561085,0.28444454912661743,-0.08064483180485672,0.05946845997266074,0.2168509246964555,0.0,1.0,0.0,0.0,0.0,0.0,0.0,0.0,0.0,0.0,0.0,0.0,0.0,0.0,0.0,1.0,0.0,0.0,0.0,0.0,0.0,0.0,0.0,1.0,0.0,0.0,0.0,0.0,0.0,0.0,0.0,0.0,0.0,0.0,0.0,0.0,0.0,1.0,0.0,0.0,0.029163979547189266,0.1819669801025413,0.11488818019212502,0.05878481191396895,0.17070960922337589,0.05416716755918362,0.03433982041917073,0.025049599639335944,0.0664234741007589,0.11480470884490532,0.08783020034875826,0.03228144039489235,0.06714321076775835,0.014673366983195095,-10.857094747906274,8.567517294842958,0.0,-6.229961713691921,-10.692671622353544,0.0,-4.292324138120648,6.120872816478993,0.0,-7.770737705249132,9.918796172326637,0.0
27,-0.16872287701982525,0.25779093262278957,0.3691274052444837,-0.2539927637583553,0.06610455154351418,-0.3607419646633325,-0.1083098254681064,0.03109123081124096,0.16390558183494092,-0.31872819995299767,0.31193929059585784,0.1251989297480175,-0.1518972804049526,0.12493338402602279,0.055844535598223354,-0.1021030741484964,-0.3420579909056217,-0.1681092612732742,-0.3009533492958946,-0.017039779370231975,-0.5705399731815807,0.006960627468233741,0.08335556594801194,-0.11490237327041661,0.38417834233950876,0.3474669694027472,0.13124635938057064,0.08506203402869082,-0.15850249788258478,0.11235744955954347,-0.4324989948076717,-0.22587022674857277,-0.20092899992623373,-0.14507478671405338,-0.05894073175311425,-0.11179705982403276,-0.0482201310117427,0.25778102209662085,-0.36496999357131477,0.16276872420761224,0.06750886990183871,-0.23425297497453001,-0.35455981763449146,0.048162577926203015,-0.0542156778884154,-0.1312146662624178,-0.32269491290852653,-0.22378106928180544,0.16121857760978767,-0.2020689526727708,0.13139873066650096,0.33427970588530287,0.13959075310954283,0.011003575739563416,0.2438457609553034,0.26535242978578893,0.12492173142895516,0.4036308006123641,-0.27189020647084655,-0.2602522593853488,-0.03969433233493435,-0.02171885786541931,-0.1262857422903984,-0.034527280148808175,-0.2669162582653322,-0.11868555717752173,-0.1917858779443528,-0.29307802180741943,-0.26071310538041986,0.16906892207710789,0.00486150345727448,0.20234646147345672,0.021506951776152985,-0.29161050913317743,-0.26540691165398933,0.2616442609939571,-0.0836291466259457,-0.3515774126941714,0.06673596118218499,0.23588728288491495,0.0,1.0,0.0,0.0,0.0,0.0,0.0,0.0,0.0,0.0,0.0,0.0,0.0,0.0,1.0,0.0,0.0,0.0,0.0,0.0,1.0,0.0,0.0,0.0,0.0,0.0,0.0,0.0,0.0,0.0,0.0,0.0,1.0,0.0,0.0,0.0,0.0,0.0,0.0,0.0,0.09358992962888218,0.029993231986318473,0.03301222371935271,0.19347039402291225,0.03804940653261625,0.08336485859449136,0.09678520726201315,0.15479645237855216,0.11438448394242604,0.09981091525987669,0.060554349626883434,0.02198454806825309,0.025663285199252248,0.03237379124121201,-1.247712621261826,11.65015715858334,0.0,8.464770573523083,9.04329827017142,0.0,-2.370384106717779,-7.408635531289804,0.0,5.414766217250985,-6.0685103342510445,0.0
28,0.01860672570287258,0.3693252435349554,0.34684673230428226,-0.00030742196224563495,0.19520798007598839,-0.2673246256289329,-0.08114483991667258,-0.0371294375435962,-0.19946783845693844,-0.2612065926993234,-0.16461786472019901,0.34824701268772323,0.11645172294391917,0.29896228737453473,-0.3593050339898393,-0.07722071882562687,-0.25585670348898076,0.24496311280103444,-0.042351929079200545,-0.03895329675745915,-0.04516491801649558,-0.15095420178982735,-0.25417801789124295,0.13900205615411315,-0.09550353051623282,0.5272043274657174,0.38305803457809356,0.0712134026763228,-0.07337522799883954,-0.19319848071083723,-0.2845765798052458,0.10532056269337517,0.09627792574225008,-0.15019186285000494,-0.2581225648014012,-0.2635615836736824,0.4008705463377254,0.07919650669526657,-0.018793769326453602,0.3141515712100317,-0.08084714840917168,-0.30620474031621997,-0.197195596255438,-0.07611087322073253,0.21276895586177613,0.3237576592522005,0.02687703044942865,-0.31164850203640065,-0.3261701852241887,-0.13454194077282994,-0.12256577786559614,0.03771562653373092,0.0073303757147174485,0.4374259886901178,-0.2690899566520258,-0.12815756200750317,0.04421171499148596,-0.2573097213876662,-0.14092642861045943,-0.31645646095861024,-0.08327407796972072,0.41275599938869817,0.14034612745295455,0.11262082091684272,0.06026799709801042,0.14710551301392857,0.20387783590328962,0.1696175807271351,0.3128581788456086,0.08058437096593807,-0.09620461708621866,-0.2513216156726509,-0.025669497877293203,-0.06407153687334038,-0.24665707988574853,-0.2604456282750123,-0.06726953220704868,-0.261054188697736,-0.44195430459247115,0.011804907567572265,0.0,0.0,0.0,0.0,0.0,0.0,0.0,0.0,1.0,0.0,0.0,0.0,0.0,0.0,0.0,0.0,0.0,1.0,0.0,0.0,0.0,0.0,1.0,0.0,0.0,0.0,0.0,0.0,0.0,0.0,0.0,0.0,0.0,0.0,0.0,0.0,0.0,0.0,0.0,1.0,0.15943725485760063,0.09918204804603822,0.19844537233260465,0.1302011006995685,0.05128795018015374,0.13187704024644673,0.10702166708484852,0.07769113057122269,0.1508501826891835,0.08829080203923119,0.05351094688583819,0.05779921624815032,0.03996967299780164,0.02298119671559043,-2.8577238038911332,-4.175744922716149,0.0,-1.5122090757213584,-14.409280511237114,0.0,4.949427170607805,-2.485925262542338,0.0,2.2318569276687867,-9.245921586428096,0.0
29,-0.5072657512855016,-0.18859342290907768,-0.13930416539184942,-0.1874790636034394,-0.1606819051157495,-0.0178280786172084,-0.13300651653746376,-0.23436322955812408,-0.02305650354500642,0.22390644743922955,-0.15318575712378138,-0.16757957034487533,-0.01178903572307434,-0.06807552109612901,0.1929722507526998,0.08667922991189694,0.36452061541788144,-0.08789640827730323,-0.42880399487812504,-0.1585770781994203,0.1846453897366177,0.10142324689839358,-0.30603936122853037,-0.3613928200702019,-0.20764874577005604,-0.2987519339404411,0.11909346434239444,0.20512634522409073,-0.21228979616779106,-0.08291904568564064,0.26010525013952823,0.04817765611850438,0.0783830771367372,-0.45583994813598977,0.29740166866004475,0.011494198459580735,0.014431606693986833,0.36178584697181965,-0.15856999276676415,0.0017737825181226886,0.07444271214269096,0.20612422996086266,-0.3008630758726457,-0.31617503063534,-0.18294231894657997,-0.15336703252897285,0.39957945303152165,-0.19080156182088562,-0.057557256652560236,-0.09086005417383482,0.19495635441138717,-0.2042996213848804,-0.3471317031543351,0.019093698691210036,0.44145488691307233,0.012528382068008704,0.29422031743569105,-0.15383755002637473,0.03616697909322591,-0.20522047321156311,0.2888736679941183,0.014771687862601586,-0.18769701696408808,0.015551653310025743,0.4014727025509658,0.19874187359814002,0.23177802821243282,0.05930429507676135,-0.2750954497061052,-0.19506096881644414,0.11616808289313858,-0.23973167718077834,0.30469567519579993,0.315795396557834,0.05388820891071617,0.2377770481885252,0.34715321473385635,-0.028433219723979487,-0.07873176809755772,0.14411326738959032,0.0,0.0,0.0,1.0,0.0,0.0,0.0,0.0,0.0,0.0,0.0,0.0,0.0,0.0,0.0,0.0,0.0,1.0,0.0,0.0,1.0,0.0,0.0,0.0,0.0,0.0,0.0,0.0,0.0,0.0,0.0,0.0,0.0,0.0,0.0,0.0,1.0,0.0,0.0,0.0,0.1968011007327558,0.07389659187107586,0.1719413395289617,0.022592090506222004,0.1017223822598487,0.1854492295116126,0.1827792636439812,0.13748998572383384,0.06256587238415662,0.050941466228068714,0.05705391111900242,0.04346900593755646,0.01827388824811818,0.04109968227260899,-4.677592989987886,-9.005473380114552,0.0,3.2993983271790057,3.1073635597273324,0.0,9.77925252595827,-9.51538032528677,0.0,-5.898569220438048,-13.126094028482697,0.0
