case_id,penalty_based_obj,penalty_based_time,gaussian_based_obj,gaussian_based_time
1,20.795903700904233,0.7122143999999999,20.796275632182805,13.4581452
2,26.796920281489804,0.2455556000000012,26.797248187224678,12.954044699999997
3,40.44180171390389,0.2696694000000015,40.44224180209764,13.522722300000002
4,44.13774408891712,0.3295107999999942,44.13794793367784,13.367391400000002
5,30.10912183681727,0.23727710000000002,30.109583292004746,13.207594
6,17.584102444120205,0.284007399999993,17.58426566548606,13.0953394
7,10.519659130263031,0.3675898999999987,10.519875724543581,13.769320399999998
8,42.50527586169745,0.4808167999999995,42.505517829248426,13.1355511
9,19.776088498160117,0.2774869999999936,19.77644416468761,13.191889400000008
10,14.867218211085031,0.25453690000000506,14.867486455144705,13.5777736
11,21.04760227162753,0.4185147000000029,21.048013366282724,14.025518500000004
12,35.646065990819444,0.2860306000000037,35.64649480237823,14.297498700000006
13,57.56145118107468,0.2812909000000161,57.561591692997766,13.320845600000013
14,15.733827845870366,0.33537820000000806,15.734018853099482,13.367967600000014
15,26.221427797889284,0.3087914999999839,26.221571509504795,12.212634999999977
16,21.238021585663653,0.24967509999999038,21.238408927605995,13.587945500000018
17,17.020494784319652,0.4349421999999947,17.020710635487923,12.8483272
18,22.915721837118237,0.25363299999997935,22.916037288263542,12.42120779999999
19,21.49752804373236,0.2255303999999967,21.49792267367534,12.747247800000025
20,50.51642023201317,0.2987439000000336,50.51674939357079,14.01178150000004
21,32.93672774832153,1.1809696999999915,32.93683456828235,13.000270899999975
22,39.801264979239704,0.3009676000000354,39.80158971298139,12.4692498
23,31.090919638734345,0.3584268000000179,31.091335523113884,13.089511400000049
24,34.98265124056018,0.27545520000001034,34.98300249952059,12.89148990000001
25,17.49026111287209,0.3168897999999558,17.490460681067987,12.22987710000001
26,9.39057778963987,0.2835651999999982,9.39093612394264,12.346762900000044
27,26.81436935475907,0.30233200000003535,26.81482619363432,13.185348699999963
28,14.411114473962671,0.3565928999999528,14.411470070285402,12.741081300000019
29,46.81404541787051,0.3016789999999787,46.814185550132215,12.450931300000036
30,38.716272728421,0.23658899999998084,38.716564487217305,12.691939999999988
