case,pc3p_energy,gc3p_energy,gc3p_energy_gain_pct,pc3p_time,gc3p_time,gc3p_time_speedup,pc3p_iters,gc3p_iters,pc3p_converged,gc3p_converged,pc3p_rank1_gap,gc3p_rank1_gap,gc3p_relaxed_energy,gc3p_relaxed_rank1_gap,gc3p_recovery_source,gc3p_num_candidates,gc3p_feasible_candidates,pc3p_max_violation,gc3p_max_violation,pc3p_status,gc3p_status
1,22.00650029462317,22.006505609791127,-2.4152717997686827e-05,2.4485677999909967,19.312581600010162,0.12678614649787207,9,12,1,1,5.253775813936795e-07,-6.661881307628366e-16,22.006522391985666,2.3005388082246837e-05,dominant-eigenvector,50,50,0.0,0.0,optimal,optimal
2,30.04504591460879,30.0451364939588,-0.00030147848756531103,1.9175895000080345,18.507684099997277,0.10361045118596533,7,8,1,1,1.9943874873176055e-07,2.6647525230513464e-15,30.04515829103901,7.243218685929514e-05,dominant-eigenvector,50,50,0.0,0.0,optimal,optimal
3,30.721473887001967,30.721537473425904,-0.00020697712672138784,1.350674799992703,17.204819400009,0.07850560756202976,4,6,1,1,5.018239193307258e-07,1.998621461133331e-15,30.721545550740416,2.7369044790123374e-05,dominant-eigenvector,50,50,0.0,0.0,optimal,optimal
4,5.403540692652322,5.4035366185512315,7.539687997182598e-05,1.4783732000068994,18.185043100005714,0.08129610646930141,5,11,1,1,8.279248518750862e-07,9.436895179918239e-16,5.403536860275054,9.881049774219413e-06,dominant-eigenvector,50,50,0.0,0.0,optimal,optimal
5,32.268329716535675,32.268328057275774,5.142069377647559e-06,1.4774588000000222,18.276645799996913,0.08083861864851984,5,10,1,1,4.2874602236489173e-07,1.776357792312316e-15,32.268335016838556,2.129556169170156e-05,dominant-eigenvector,50,50,0.0,0.0,optimal,optimal
6,18.09441947623273,18.094432323937525,-7.100368603714987e-05,1.5043462000030559,17.03970449999906,0.08828475869420968,5,9,1,1,3.9149043081291826e-07,2.705089714307254e-16,18.094446230780417,7.226329582759573e-06,gaussian-35,50,50,0.0,0.0,optimal,optimal
7,16.633874271873896,16.633872627343024,9.886637625665226e-06,1.4727797999948962,17.71322410000721,0.08314577807403772,5,12,1,1,7.228597869881223e-07,-8.326680096226963e-16,16.63387301842073,1.5400021616204315e-05,dominant-eigenvector,50,50,0.0,0.0,optimal,optimal
8,54.86183981858808,54.86194414743232,-0.0001901665065963606,1.4659776000044076,16.906383199995616,0.08671148539947844,5,9,1,1,2.944477789746931e-07,1.9847392264025435e-15,54.861968733555145,2.9697327610639145e-05,dominant-eigenvector,50,50,0.0,0.0,optimal,optimal
9,25.941704139296796,25.9418110372934,-0.00041207006306016424,1.2782621999940602,16.585678300005384,0.07707023956889633,4,7,1,1,2.835523788428037e-07,-4.107824979354842e-15,25.941819859415947,6.426123989651842e-05,dominant-eigenvector,50,50,0.0,0.0,optimal,optimal
10,13.73623345559091,13.736229626338078,2.7877022064648246e-05,1.4485828000033507,18.55481710001186,0.07807044349698412,5,11,1,1,3.532952082989527e-07,-1.9428987634234965e-16,13.736229676695551,1.1793794528032644e-05,gaussian-5,50,50,0.0,0.0,optimal,optimal
11,29.158455721978182,29.15849388853718,-0.00013089362263077456,1.5186296999891056,18.459435500000836,0.08226847998623993,5,8,1,1,8.077138775689581e-07,-8.328849559363118e-16,29.158500247167872,2.4027249476782676e-05,dominant-eigenvector,50,50,0.0,0.0,optimal,optimal
12,21.19209438264439,21.192111350990658,-8.006922751227419e-05,1.3079378999973414,17.603788699998404,0.07429865935606578,4,7,1,1,4.550688406911439e-07,3.8846963840155624e-16,21.192114113399647,1.551358132412777e-05,gaussian-23,50,50,0.0,0.0,optimal,optimal
13,67.95958180231038,67.95957435573658,1.0957356720448736e-05,1.0249810999957845,16.30108650001057,0.06287808484392252,3,6,1,1,6.114542457546809e-07,7.769408649898886e-16,67.9596042554288,3.552320575612754e-05,dominant-eigenvector,50,50,0.0,0.0,optimal,optimal
14,20.197905438632368,20.197902175748233,1.6154566844755557e-05,1.6941368999978295,18.03429719999258,0.09393972391663405,6,14,1,1,7.481087452996448e-07,-1.6653186550699738e-16,20.197902334199064,1.898923549716302e-05,gaussian-21,50,50,0.0,0.0,optimal,optimal
15,23.231031597067886,23.23107028464166,-0.00016653403277528986,1.4608260999957565,16.57318330000271,0.0881439656795154,5,8,1,1,4.523753286370056e-07,6.664585989708067e-16,23.231084150879813,6.3933610523508015e-06,gaussian-32,50,50,0.0,0.0,optimal,optimal
16,34.35369902734613,34.35372260111245,-6.862075114989613e-05,1.3009874999988824,16.66907160000119,0.07804798798745274,4,7,1,1,5.949908590638355e-07,2.2908704860674037e-16,34.35374597127291,7.4328831431492345e-06,dominant-eigenvector,50,50,0.0,0.0,optimal,optimal
17,32.856776874242485,32.85683200779251,-0.0001677996300082634,1.4204575999901863,16.329377100002603,0.08698786189400697,5,7,1,1,2.645797150935211e-07,3.332843830967545e-16,32.856858454184,1.779335633787711e-05,dominant-eigenvector,50,50,0.0,0.0,optimal,optimal
18,37.212076607794,37.21207622913759,1.0175632508640804e-06,1.004985299994587,16.903948999999557,0.05945269356850363,3,10,1,1,3.556643707734048e-07,1.9984029266329395e-15,37.21208582471549,2.023618450100587e-05,dominant-eigenvector,50,50,0.0,0.0,optimal,optimal
19,41.428589167578075,41.42868546570803,-0.00023244366242882301,1.448721700013266,16.707104999994044,0.08671291046616289,5,9,1,1,1.993385637435806e-07,2.1652279714188052e-19,41.428717851209214,9.04195779397303e-06,dominant-eigenvector,50,50,0.0,0.0,optimal,optimal
20,24.358418367503386,24.358415527782075,1.1658069372928616e-05,1.4346895000053337,16.72400539999944,0.08578623754841538,5,10,1,1,8.024497750749459e-07,8.881815960736774e-16,24.35841558361712,5.591209827297653e-06,dominant-eigenvector,50,50,0.0,0.0,optimal,optimal
21,35.84703655225745,35.84718596082809,-0.00041679476189000997,2.273208800004795,16.9203220000054,0.13434784515354198,9,9,1,1,4.52685087047957e-07,-8.336426269076307e-16,35.84720599133875,9.559665882867991e-06,gaussian-16,50,50,0.0,0.0,optimal,optimal
22,18.915311732024858,18.915340125718743,-0.0001501095741229184,1.2535351999977138,16.929046700010076,0.07404641396594219,4,9,1,1,4.2416378448512025e-07,-2.220988679732148e-16,18.91534709012209,2.3478297805976647e-05,dominant-eigenvector,50,50,0.0,0.0,optimal,optimal
23,17.506959272087123,17.506957786004975,8.488522335086471e-06,2.360394700008328,17.80131710000569,0.1325966324147764,9,13,1,1,6.072321768914019e-07,-4.4408793930064173e-16,17.506969099713782,5.506566054790661e-06,dominant-eigenvector,50,50,0.0,0.0,optimal,optimal
24,44.70936650688727,44.70948514779714,-0.00026536030173818356,1.669857500004582,16.520841100005782,0.10107581629145974,6,7,1,1,1.8681251034447656e-07,4.436555289810684e-16,44.709519013232786,1.9904403138202536e-05,dominant-eigenvector,50,50,0.0,0.0,optimal,optimal
25,25.086845037931077,25.086874150237072,-0.00011604610285274781,2.098949299994274,17.124781000005896,0.12256794991968373,8,10,1,1,7.991603901309892e-07,-1.0844668702815214e-19,25.08689073715166,2.6925334968928026e-05,dominant-eigenvector,50,50,0.0,0.0,optimal,optimal
26,18.53371261201098,18.53371068980844,1.037138418837897e-05,1.4487355000019306,16.74636110001302,0.08651046584686416,5,7,1,1,6.573432443395022e-07,-3.108840144714633e-15,18.53371859301739,5.632001708932308e-05,dominant-eigenvector,50,50,0.0,0.0,optimal,optimal
27,17.094732455436507,17.094713433978175,0.00011127087470703396,1.2451569000113523,16.868287999997847,0.07381643590692258,4,8,1,1,2.8392796781236586e-07,-6.24934979253592e-16,17.094717625800364,1.668971491242344e-05,dominant-eigenvector,50,50,0.0,0.0,optimal,optimal
28,27.523413135586363,27.52351442715336,-0.0003680196438441645,1.249146699992707,16.496083899997757,0.07572383285422529,4,8,1,1,3.946020171565537e-07,5.55110665279631e-16,27.52353337996497,1.7052477788950543e-05,dominant-eigenvector,50,50,0.0,0.0,optimal,optimal
29,30.623255418191334,30.623285484297956,-9.818063498044125e-05,1.4458053999987897,16.713509300010628,0.0865051961288507,5,8,1,1,4.1334729519267677e-07,9.158816910312612e-16,30.623291226229103,4.1558022996742895e-05,dominant-eigenvector,50,50,0.0,0.0,optimal,optimal
30,23.488870270516195,23.488952669213393,-0.000350798894326372,2.336396800004877,16.988767600007122,0.13752597333804822,9,9,1,1,5.689225175931802e-07,-4.8847646796744285e-15,23.488970452464095,9.22656556395533e-06,dominant-eigenvector,50,50,0.0,0.0,optimal,optimal
