sample_id,g_re_0_0,g_re_0_1,g_re_0_2,g_re_0_3,g_re_0_4,g_re_0_5,g_re_1_0,g_re_1_1,g_re_1_2,g_re_1_3,g_re_1_4,g_re_1_5,g_re_2_0,g_re_2_1,g_re_2_2,g_re_2_3,g_re_2_4,g_re_2_5,g_re_3_0,g_re_3_1,g_re_3_2,g_re_3_3,g_re_3_4,g_re_3_5,g_im_0_0,g_im_0_1,g_im_0_2,g_im_0_3,g_im_0_4,g_im_0_5,g_im_1_0,g_im_1_1,g_im_1_2,g_im_1_3,g_im_1_4,g_im_1_5,g_im_2_0,g_im_2_1,g_im_2_2,g_im_2_3,g_im_2_4,g_im_2_5,g_im_3_0,g_im_3_1,g_im_3_2,g_im_3_3,g_im_3_4,g_im_3_5,eta_0_0,eta_0_1,eta_0_2,eta_0_3,eta_0_4,eta_0_5,eta_0_6,eta_0_7,eta_0_8,eta_0_9,eta_1_0,eta_1_1,eta_1_2,eta_1_3,eta_1_4,eta_1_5,eta_1_6,eta_1_7,eta_1_8,eta_1_9,eta_2_0,eta_2_1,eta_2_2,eta_2_3,eta_2_4,eta_2_5,eta_2_6,eta_2_7,eta_2_8,eta_2_9,eta_3_0,eta_3_1,eta_3_2,eta_3_3,eta_3_4,eta_3_5,eta_3_6,eta_3_7,eta_3_8,eta_3_9,p_0,p_1,p_2,p_3,p_4,p_5,p_6,p_7,p_8,p_9,D_0,D_1,D_2,D_3,step_0_0,step_0_1,step_0_2,step_1_0,step_1_1,step_1_2,step_2_0,step_2_1,step_2_2,step_3_0,step_3_1,step_3_2
0,0.04730144119175336,-0.1273236011322787,-0.33359726757422054,-0.5506174730442046,0.23727291389148242,-0.293710150887151,0.7680609892753107,-0.2726465879417202,-0.31565176340699885,0.12806460116119403,0.3839169910852077,0.016214508725583356,0.1587429260078303,-0.5114093275115829,-0.18794511097587205,-0.29782640405363925,-0.5256952517453585,0.0324509053836927,-0.6355564628353382,-0.3746744436731626,-0.15222613824200773,-0.2355638393301146,0.11233140838513306,0.08659313092400367,0.33510009110364547,0.2820812386719613,0.4277097852124402,-0.0007192402324691831,0.11377481404292589,0.1917750376059061,0.03556132459262357,-0.09971117526702288,-0.083455968477209,-0.20523886347698522,0.10584217490790006,-0.023601454670692003,-0.18396773450177784,-0.1837100442828209,-0.3357706959604881,0.27153551209043636,0.0218089370118845,-0.23934506571856554,0.22912048292037177,-0.1588159784198771,-0.3985640959949115,0.28938667405865137,-0.15219870648955244,-0.11587090194790974,0.0,1.0,0.0,0.0,0.0,0.0,0.0,0.0,0.0,0.0,0.0,0.0,0.0,0.0,0.0,0.0,0.0,1.0,0.0,0.0,1.0,0.0,0.0,0.0,0.0,0.0,0.0,0.0,0.0,0.0,0.0,0.0,0.0,0.0,0.0,0.0,0.0,0.0,0.0,1.0,0.13013996522251783,0.06991308098837887,0.037821928784380045,0.12881923444707533,0.03186783554672566,0.06328255894012828,0.0308540313412536,0.11851834808459244,0.04874511880130364,0.12956566806189895,0.07326921046906142,0.075750457661749,0.034763480651010197,0.05391636261555969,5.79397193326389,7.849327656741252,0.0,7.056769488572826,-5.044947059665674,0.0,-9.127496713384346,-5.887112218734188,0.0,5.313451774914768,-1.4997244723073493,0.0
1,0.06470294922361496,0.22908694421703424,0.13882481832460397,-0.36057724052181966,-0.5472430247890917,-0.2601177099012082,0.22638755683381082,0.27655041658757606,-0.5481954975219634,-0.3931702855891663,-0.2898328045235936,-0.14318807782954715,-0.33576640982178585,-0.3505575601746804,-0.20259499916522536,0.021262892886674867,-0.29103460306749335,-0.0285473404569199,0.28614085226216857,-0.35188831189243236,-0.05580502395034724,0.2770053233863001,-0.11306348806405864,-0.15507051868936825,0.4250320847350763,-0.11185747845003426,0.40347873827330116,0.1567036616961693,-0.1252432331726101,0.17523386310510497,0.12841841617010116,0.4091132902494918,-0.2197465199476026,0.016513109254512433,-0.024652077170104297,0.2821835739839718,-0.2527223872599726,0.2507004324825541,0.1149571910838627,-0.324642218896646,0.297855308952565,0.5507381926984025,0.2708089964909735,0.38573289044522396,0.023077015636875604,-0.44912679511314074,-0.49849019295460156,0.0689520563509774,0.0,0.0,0.0,1.0,0.0,0.0,0.0,0.0,0.0,0.0,0.0,0.0,0.0,0.0,0.0,1.0,0.0,0.0,0.0,0.0,0.0,0.0,0.0,0.0,1.0,0.0,0.0,0.0,0.0,0.0,0.0,0.0,0.0,0.0,0.0,0.0,1.0,0.0,0.0,0.0,0.03106562156345924,0.024532031008518407,0.12762835256839125,0.032803718655376825,0.18756453837759604,0.18819631122565056,0.11800952226830377,0.13068470110782063,0.07236915408792406,0.031440403425086645,0.06899683561534525,0.018142879099921398,0.016844611281471453,0.03489784873633791,-2.64527824263655,1.709504920317329,0.0,1.3101482680251024,8.103196388927074,0.0,-0.3656641474383946,-11.486351997386208,0.0,11.78023062291544,-4.516009893436973,0.0
2,0.20985902559310882,-0.09979217150283257,-0.3969139126702892,-0.125383257898255,0.10180223123735095,-0.012398489778433757,0.053578663648234444,-0.15547793118260697,0.3012709673376612,0.10195723785773339,0.17422967402181141,0.0472560754552905,0.2574257706627561,0.22512459456198744,-0.4556156207792015,0.18314623483520281,0.3885716473443594,0.5670885511279815,0.12383322402825386,-0.28725794359094214,-0.24144752390228205,-0.12949979363132272,0.05638433917396159,-0.036377386401549604,-0.2088118266289571,-0.20992451061918366,-0.38994719332217564,-0.5796606476743993,-0.024487690624243358,0.4311450724346418,0.5337967758801003,-0.2906181681957407,0.04453406541057196,-0.43510503661304345,-0.3898084477808863,-0.35575150059093485,-0.11070308354753079,-0.08957409895026039,0.1240578740230897,0.3255899234235379,-0.16538347928944738,0.017772475226497133,-0.3255179098570088,-0.40012146365878004,-0.44609322167615173,0.19321573478988932,-0.10056116177241475,-0.5568442062239116,0.0,0.0,0.0,0.0,0.0,0.0,0.0,0.0,0.0,1.0,0.0,0.0,0.0,0.0,0.0,0.0,0.0,0.0,1.0,0.0,0.0,0.0,0.0,1.0,0.0,0.0,0.0,0.0,0.0,0.0,0.0,0.0,0.0,0.0,1.0,0.0,0.0,0.0,0.0,0.0,0.19504024857143537,0.12249014977946487,0.11274822655679548,0.0924123030979627,0.04443644367357239,0.14317834611210598,0.0973127896086723,0.1877843640406854,0.19325860412424958,0.15780066145960978,0.029399581096202818,0.06727837446431732,0.01163374007720444,0.07611204022467143,7.897106510437482,-4.154898713704256,0.0,-13.358637987947105,4.9345044957686355,0.0,-1.2669637631592536,-7.425813573526085,0.0,2.0330421816757394,5.812807312162903,0.0
3,-0.09780268689459502,0.15040362158275142,0.17921083048880906,0.4454823679311898,0.28600342628331316,-0.022852339774440764,0.2997304699598713,-0.08941802138471092,0.06517679525758537,0.3529418474509677,-0.020116379419131726,0.16074600965694494,0.2379608677650855,0.17628817468675428,0.3053316921241433,0.576380446337415,0.17400164053745032,-0.11418763599112326,0.12294259489143276,0.11261265568587114,0.1473685035777531,0.35911078569663357,-0.40453246465351966,0.363631867873285,0.6949728935507715,0.21335393089478064,0.22239195819827448,-0.09075608518900417,0.0023751412871162105,0.26213435468313423,0.2813368026904812,0.32004009995204685,0.27827995646982406,0.3989412174566999,0.34932110458418264,-0.4548747374536729,0.20601832851997487,0.46007162128896695,-0.006591144493121487,0.3711789187898141,-0.22706584245442768,-0.007367392263042737,-0.1540095688442924,0.33129621736396087,0.39405111848067575,-0.02382743109884485,0.28129515266426514,0.396489219654638,1.0,0.0,0.0,0.0,0.0,0.0,0.0,0.0,0.0,0.0,0.0,0.0,0.0,0.0,0.0,0.0,0.0,0.0,0.0,1.0,0.0,0.0,0.0,0.0,0.0,1.0,0.0,0.0,0.0,0.0,0.0,0.0,1.0,0.0,0.0,0.0,0.0,0.0,0.0,0.0,0.12968888158512518,0.09466796069170072,0.14199566833057198,0.1232033816867057,0.11166286419703515,0.13641697702057584,0.03538499523356296,0.18341149150329533,0.08012451525706069,0.06030154939123747,0.07174370861409425,0.02849775096740146,0.08966156985608481,0.043639403325075446,0.6421941090910082,-6.527980842750708,0.0,-3.5396135998737748,-1.2225053534596668,0.0,-3.124740136104947,-1.5803647374258958,0.0,3.784852637881727,1.6818024585239186,0.0
4,-0.3749468970623295,0.19123626053569986,-0.3065418615391045,0.25200279501445483,-0.04036402778517812,-0.11348482379852975,-0.021543347548604885,0.6055196229344572,-0.17951322587826057,0.05359804373844027,0.1848520516005337,-0.22768251080387214,-0.6254016603420695,-0.23580111561424824,0.29792517609010294,-0.13416244319777876,-0.09065913291871361,0.35728025840164196,-0.23014299489187615,-0.02533216150689086,-0.4320740388286674,0.09153826334143501,0.0655049281543239,0.22705856956085804,-0.3997537245504628,-0.06697870719696923,-0.44625239209562056,-0.08590398401445247,0.5172208083161417,-0.11195932972067835,-0.32314204391105844,-0.16084221884557653,-0.3811104128168575,-0.3065470528138456,0.15873852169263925,-0.3421539925696971,0.12252147325056756,0.010098436940918616,-0.20850996727265475,0.0891857337444386,-0.3678295009913824,0.32984970939344416,-0.19931730283814988,-0.11027518575188781,-0.1442351237472887,0.1967865974753389,0.15539285447093676,-0.7482747398479699,0.0,0.0,0.0,1.0,0.0,0.0,0.0,0.0,0.0,0.0,0.0,0.0,0.0,0.0,0.0,0.0,0.0,0.0,0.0,1.0,0.0,0.0,0.0,0.0,0.0,1.0,0.0,0.0,0.0,0.0,1.0,0.0,0.0,0.0,0.0,0.0,0.0,0.0,0.0,0.0,0.16048711090809556,0.1693963823942523,0.061461011781698494,0.17835691264340817,0.12941183399425,0.16778092509195966,0.03225735520293195,0.08404142686126856,0.11420434273616653,0.12355887935178238,0.017925724325896494,0.05309265956817405,0.06323891464744197,0.03892760686117382,2.731565861343995,8.58477159877765,0.0,-5.230875254611362,3.8766509287871713,0.0,-1.944979708390747,13.304587842850907,0.0,10.161715944554032,0.7651124257381241,0.0
5,-0.0420194821237105,-0.1321696451502171,-0.011854837836208278,0.19664476485121887,-0.2721756263971625,-0.3320046753796574,0.5023717780902147,-0.24873317031503617,0.11985003584788122,-0.06844192270577858,-0.05343422879315346,0.4841571957545319,-0.03460807679544585,-0.1449945264611849,-0.10959761034364732,-0.2045778301931602,-0.27228802764098675,-0.20294775425412412,0.40098185617778853,0.1715322125049832,-0.08322313088123212,0.23666648936687978,-0.38265515082086915,0.3316610779960379,0.3573610651563533,0.617052190875596,0.2791085892146381,0.12064232423540117,0.35625313491405364,-0.17267415255421084,-0.13384026528929846,-0.021745535974630022,0.46333795147657825,-0.2896970364049161,-0.32563789201889753,0.08006322397421602,0.29156495676081307,-0.2856933030146335,0.2724210081776554,0.5560422819969234,0.48780165188787644,0.14355876328550474,-0.02184213120971102,0.41843996838092196,0.0037137354179544303,0.2267092641613315,0.4721203510954149,0.2013740431113515,0.0,0.0,0.0,0.0,0.0,0.0,0.0,1.0,0.0,0.0,0.0,0.0,1.0,0.0,0.0,0.0,0.0,0.0,0.0,0.0,0.0,0.0,0.0,0.0,1.0,0.0,0.0,0.0,0.0,0.0,0.0,0.0,0.0,0.0,0.0,0.0,0.0,0.0,0.0,1.0,0.03364500987830037,0.1591960144021195,0.033674096811635995,0.08040822173508673,0.15475292252447917,0.14763124979708248,0.02033292829282348,0.056216244281887984,0.15976390761255685,0.04260538717393815,0.03611031247676804,0.024711160551705844,0.018916362832851683,0.07693005962584093,0.61925416639275,3.6844232246023125,0.0,8.877842127199784,3.187138250176247,0.0,5.871625783959132,9.668836462480556,0.0,3.6699038501613472,0.39483751933937583,0.0
6,0.1953033847105468,0.45056212917820704,-0.32092920634317484,0.03931020845455976,-0.35420179307382355,-0.10656513530094683,0.5474794109270444,0.11394207466687907,0.2395996483931436,0.12507299651240447,0.10962515187477039,-0.12711949791091634,-0.1688934626728084,-0.13088285443312725,-0.6507452928362886,-0.019552568155457802,0.05716437630321721,-0.14758108507337425,-0.062510685430518,0.2511532571806135,0.42323885606327677,-0.5729636625726999,-0.380175265455629,0.36017273627462226,0.12100631614992782,0.27619481653925243,0.2676744629074441,0.49611430426298503,-0.06014615458913466,0.32430199396466974,-0.2238963756015546,0.5826208573006747,0.11065582679236927,0.13190691914416167,0.2409100176893199,-0.32984356485858995,-0.25615051161371805,0.0275689359451423,0.08239667185324379,0.4963430679553645,-0.22622645362947114,0.36708010465220753,-0.1270427121471556,-0.13370830508610243,-0.07837305130621292,-0.14602712621970346,0.23273211251647075,-0.18891818537711244,0.0,0.0,0.0,0.0,0.0,0.0,0.0,0.0,1.0,0.0,0.0,0.0,1.0,0.0,0.0,0.0,0.0,0.0,0.0,0.0,1.0,0.0,0.0,0.0,0.0,0.0,0.0,0.0,0.0,0.0,0.0,0.0,0.0,0.0,0.0,1.0,0.0,0.0,0.0,0.0,0.15128126154544672,0.19530725542117242,0.023269955106764467,0.19735268756558874,0.09354703184498954,0.1057536398203921,0.12362945054988372,0.02148317753008222,0.05258294049598322,0.10003717101142008,0.0715613860591358,0.07960704724540173,0.021818686419978098,0.031038924581996634,-7.963726310555671,6.513920191328737,0.0,7.325681833382163,0.2993782826288225,0.0,-6.574955117400066,0.005582106109500273,0.0,7.578691668956878,0.5667118972829428,0.0
7,0.18336206854179526,0.11915927486562736,-0.22773010814229838,-0.40992123550178255,0.34964516450399896,0.132012170769674,-0.18481509842235821,0.35327663940387544,0.04094985659530808,0.09463817364737155,-0.3100818071246057,-0.45121862198846585,-0.4329281546854674,0.5743720861006656,-0.22819361172508054,0.01797082414523681,0.12673290126312078,-0.005741737109526231,-0.04127499617436502,-0.04724170278721,0.12842598990671622,-0.2782348288229021,-0.11788075224405947,-0.6164435622596192,-0.5585261010473278,-0.38914447330333224,0.2559462740953345,-0.0817539508204538,0.20907701744499588,0.11538550037167035,0.07740218918993007,-0.2809516932118668,0.022300689630778317,0.0757309434664837,0.6549018825998565,-0.10297001331525567,0.20190095833770905,-0.034158283992242876,-0.1936374776914756,0.2397640747644488,0.5215822701296858,0.07224482443622823,-0.18276905061355622,0.12509324582220016,0.07476975573525337,0.5931014301123106,0.19859281493677391,-0.24981278834956314,1.0,0.0,0.0,0.0,0.0,0.0,0.0,0.0,0.0,0.0,0.0,0.0,0.0,1.0,0.0,0.0,0.0,0.0,0.0,0.0,0.0,0.0,0.0,0.0,0.0,0.0,0.0,1.0,0.0,0.0,0.0,0.0,0.0,0.0,0.0,1.0,0.0,0.0,0.0,0.0,0.18760725208728843,0.11126806239689825,0.050507809408655874,0.04564654993391752,0.18137048572783124,0.1789893514745162,0.06503068256074868,0.13186445163451033,0.04985672869163012,0.06152290010759699,0.0836529845264012,0.04214127680277717,0.026681491962080667,0.051929805729709476,-5.0575876298460685,12.205714558037982,0.0,5.046054497299139,11.975732422822148,0.0,4.975583331552286,9.747794029089704,0.0,10.592968363445834,-7.116300451943687,0.0
8,0.017049081054932552,0.2119118504466075,0.37018960583634214,-0.4774080439292657,-0.034441129695492394,-0.28538709162686643,-0.05958677546988151,-0.3427587666425392,-0.49212455542380135,-0.3594747378054881,-0.15082202243025583,0.15982410340663172,-0.22090848204742636,-0.2349693794626185,0.10740531227513307,0.07784018897852257,0.4620069648805264,0.2536923538423634,-0.33784621694319616,-0.22082917279051234,0.24582869352179668,-0.2919563229163197,-0.10681086530897133,-0.5632806654637179,-0.35431528658526457,0.34150461519515607,0.045337464453947464,-0.17056762499378386,-0.13246615045115873,0.4651355957286304,-0.1789714957314032,0.12898466876083736,0.2374588109392164,0.3937312766010543,-0.23190097737788828,-0.38132563904442796,-0.29955895707757685,0.19841619231618404,0.5406425420622948,0.2078513019546323,-0.17900040702948952,0.3223993940532933,-0.15448142984754443,-0.27389507514829514,-0.10914590937016994,-0.19137382001395858,-0.23114655082356175,0.40234559675015563,0.0,0.0,1.0,0.0,0.0,0.0,0.0,0.0,0.0,0.0,0.0,0.0,0.0,0.0,1.0,0.0,0.0,0.0,0.0,0.0,0.0,1.0,0.0,0.0,0.0,0.0,0.0,0.0,0.0,0.0,0.0,0.0,0.0,0.0,0.0,0.0,0.0,1.0,0.0,0.0,0.0754235515313332,0.03880368068171594,0.15920453517084118,0.11106681878289738,0.13569783184781017,0.030055907978534573,0.060321863311100565,0.1139219816345251,0.03467961185565424,0.0487894628968301,0.011750520455292941,0.08291908224607235,0.04449911420583374,0.013601635217629662,-7.411944602832591,-4.2135590457396574,0.0,9.41124250852269,9.887691943185075,0.0,3.1126941399503494,-4.264163189384647,0.0,3.3232994477352236,-4.819694485064389,0.0
9,-0.04959148314577899,-0.3294523273058845,-0.007143706106468538,0.21151743125847935,0.18949867333683554,0.370003280172018,0.49637805619152137,0.24556664838168576,0.06560433714332625,0.12022531809386999,-0.2010289244459628,0.2797447713036135,0.38108346910824,0.29988269043952226,0.1601751367793198,-0.06928382470749474,-0.10248368930968263,-0.04600176011277602,-0.16146800890644067,0.06074105021473773,-0.6184160666312941,-0.11914690973732922,0.015069533759236626,0.5532124002736426,0.0012479079611744629,0.011636765069364067,-0.23499349517540186,0.48478141096272803,-0.22931552552998835,0.5730981390827622,-0.25897781137516945,0.3295682310105566,-0.01984398268432382,-0.19683059761526286,0.3533537099542938,0.46497138300630114,-0.05341356979806255,-0.006962915023287847,-0.11878910443922693,0.06450525853333959,-0.31515125380490777,-0.7754203931545051,-0.41357926428125674,-0.04888525587992974,-0.23659203900206074,-0.026003570426376688,-0.11332908416731356,-0.15620532221576836,0.0,0.0,0.0,0.0,0.0,0.0,0.0,0.0,0.0,1.0,0.0,0.0,0.0,0.0,0.0,0.0,1.0,0.0,0.0,0.0,0.0,0.0,0.0,1.0,0.0,0.0,0.0,0.0,0.0,0.0,1.0,0.0,0.0,0.0,0.0,0.0,0.0,0.0,0.0,0.0,0.04764705415218021,0.11931020436508005,0.16858731673574529,0.11843517009490909,0.10964653665720217,0.19740402015877392,0.08995470919462159,0.08917461304230191,0.03324470951988787,0.1605911376081826,0.01541754854314685,0.020892447696854586,0.014540611769297725,0.02539074668950634,-5.587053273616334,-6.092880174156676,0.0,-3.162636533323706,1.5085094405656037,0.0,-7.935501849141076,-0.16902038853791623,0.0,-8.386429331840873,2.5743273546528087,0.0
10,-0.09048871990267617,0.45462977952154565,0.3891732315570121,0.35930176300423056,0.017339659736728703,-0.44609034310154466,-0.04613436919472613,-0.07970546688263132,-0.025894722811693482,-0.3111617408650024,-0.07255963516622302,-0.7407525348511793,-0.09810137203266749,0.0410945168490334,-0.2554291507679447,-0.08824959121392206,0.05310845007080492,0.3308564224826444,0.27340669206080187,0.07916912784769521,-0.007618742873554136,0.09207685328108829,0.4666265144702953,0.13000649712956927,0.09731964281161326,0.4006223497936049,0.017939899974853398,-0.31865266362676825,0.17145326856178944,0.06360638880378178,-0.05540404213239456,0.13781060978123857,-0.4593939764119399,-0.13703065154896968,-0.22270507826383987,-0.19638769149718363,-0.05030114143551114,-0.2972771334704013,0.5478178381724199,0.1475469023336828,-0.25949884400896217,-0.5685515096696224,-0.1512539751159029,-0.08547518100207277,-0.16460688415626096,0.6591238416751716,-0.42884072532085626,0.013230277805125463,0.0,0.0,0.0,0.0,0.0,0.0,0.0,0.0,1.0,0.0,0.0,0.0,0.0,0.0,0.0,0.0,1.0,0.0,0.0,0.0,0.0,0.0,0.0,0.0,0.0,1.0,0.0,0.0,0.0,0.0,0.0,0.0,1.0,0.0,0.0,0.0,0.0,0.0,0.0,0.0,0.19494148759740473,0.13783662778410616,0.10301629164619004,0.15135794503463537,0.09811316265561182,0.03911106592640255,0.10930295738389822,0.19151759644564947,0.06890471036776881,0.02944755905676854,0.0693077140338008,0.046352383760138595,0.036776391224219544,0.04900312703861346,-12.800634742523755,-6.0538573572306404,0.0,-5.437627590664789,-2.5432477201206893,0.0,4.9816638135195035,2.100108839273787,0.0,-4.953194235155195,7.997271201920086,0.0
11,0.2908208541312936,0.4458573836154387,0.36675017059040593,-0.05862191183553836,-0.10115261125813088,0.2411254357529543,-0.06806122076319772,0.3465325453485593,0.03240628053566885,0.2293983641872926,0.30053834126737133,-0.37552256831869557,0.05066334032052634,0.399294045153625,-0.2805149992993787,-0.1905297684316445,0.41776631204637343,0.5312950872868188,-0.7345821623889248,0.2500380475352326,-0.4849524923163306,-0.013167501226035189,-0.2890658083662444,-0.1142173978696065,0.03180083511603484,0.16080570981145914,0.4330616901638004,-0.4075718661189495,0.35030089923903457,-0.08414950149747301,-0.07414428900201793,0.4915967306237368,0.24355108702083103,-0.48636129118897586,-0.022646007736760326,-0.21616335135745426,-0.15113450829368613,-0.045701025730744055,0.16107980609957748,-0.4365129400363583,-0.07710957186545571,-0.13725054655769373,0.08013327638517483,-0.011049411556289164,0.19561201073095896,0.0539396535863979,0.12584086802485486,0.048581504026180625,0.0,1.0,0.0,0.0,0.0,0.0,0.0,0.0,0.0,0.0,0.0,0.0,0.0,0.0,0.0,0.0,1.0,0.0,0.0,0.0,0.0,0.0,0.0,1.0,0.0,0.0,0.0,0.0,0.0,0.0,0.0,0.0,0.0,0.0,0.0,0.0,0.0,0.0,0.0,1.0,0.10127705347783154,0.028364662027103187,0.0435653009217828,0.0274049290174484,0.04059974314144622,0.11954927357807213,0.15208182914778337,0.19563622525067673,0.19670604033822778,0.1658609580053978,0.013914265679911084,0.0461858725073018,0.013927148923169642,0.06095195960102198,-3.755744698030867,3.1108656887889197,0.0,7.179941048544094,-8.179324906697047,0.0,-5.258082285958949,-2.9657787505431656,0.0,-9.305095291812961,-5.5314605403223425,0.0
12,0.6061924937496911,0.004988503046384703,-0.15886549049912627,-0.06436094850561053,-0.07437665202712113,-0.19087767388063295,-0.5298677553976833,-0.4764532976017322,0.24173285400841157,0.2651036583044007,0.1150246919203911,-0.08556964265154011,-0.1592409596940052,-0.43266283283299317,-0.2053790298839231,-0.23077430163653986,-0.44588171088754314,0.06863000798938709,-0.2659077548035286,0.01456954885147593,-0.5323560022871626,0.2114573722560009,0.1544871982620072,-0.18476129685488255,0.443256288018916,-0.026112471276502482,0.04381074997422638,-0.5041227311685754,-0.25260991513898445,-0.2100717727273353,0.27647113401087664,0.3406956583380218,-0.20158318934525035,0.06021844993969949,0.3028978126132955,-0.12019110935769614,-0.4609636601591101,0.22411482905110697,0.13394508390347826,0.09176397076716372,0.3025282052303364,0.3284617301109766,0.22354173219355788,-0.42140774215601273,-0.5444167544821445,0.12614409018293574,0.02350457777524122,0.050505832140618455,1.0,0.0,0.0,0.0,0.0,0.0,0.0,0.0,0.0,0.0,0.0,0.0,0.0,0.0,0.0,0.0,1.0,0.0,0.0,0.0,0.0,0.0,0.0,0.0,0.0,0.0,0.0,0.0,1.0,0.0,0.0,0.0,0.0,0.0,0.0,0.0,0.0,0.0,0.0,1.0,0.049374750400416466,0.025483667989688482,0.15368004907312666,0.07420931233289815,0.12968480612358382,0.14466577835560407,0.1404687707285549,0.18708709019519984,0.14920483757423328,0.13055426406547074,0.02058711679796929,0.011699925571064114,0.06801373852600266,0.07939587602993303,9.190505771780977,-4.390981704684066,0.0,6.472867372458865,13.40757853815768,0.0,9.393078419746416,-9.91240165035751,0.0,3.5037406027634006,13.82912071840741,0.0
13,-0.5308673548045025,0.30742127282980203,-0.14678255362699072,-0.10484451088380721,-0.0231800778009209,-0.12024049963986101,0.4728469314518791,-0.5288226365834339,-0.29082448095286756,0.08196692574387186,-0.4230364087351689,-0.2761993432870433,0.25901598374684726,-0.25384470918435426,0.24646637808967037,-0.40500036451988997,0.6189962944622679,0.2047902590485681,0.17334570369052768,-0.09554670648233891,0.0026197926597498295,0.6649937467491156,-0.2694238963682988,-0.1391827452678637,-0.15563518123259423,0.08066494649099826,0.32309703353930647,0.23330892992157146,-0.5057324874886964,0.36169073439625005,0.27676463680932983,0.02631479018367307,-0.22711402981285939,0.10389883168572686,-0.1013166459160881,-0.016944544683939303,0.0062104057163113145,-0.26307092724230485,0.01151402377756091,0.32254586801139506,0.20460416976164134,-0.05771474972456362,-0.05986237210735197,0.4335663130839943,-0.21399580402027035,0.15960511591874743,0.30090089983513585,-0.2706748505605045,1.0,0.0,0.0,0.0,0.0,0.0,0.0,0.0,0.0,0.0,0.0,0.0,0.0,0.0,0.0,0.0,0.0,0.0,0.0,1.0,0.0,0.0,0.0,0.0,0.0,0.0,0.0,1.0,0.0,0.0,0.0,0.0,0.0,1.0,0.0,0.0,0.0,0.0,0.0,0.0,0.1759187838729092,0.03665376805008746,0.1765095092118273,0.0657195242278209,0.16495309760586066,0.19940785078839351,0.07042236425109435,0.17191738089764058,0.16136231948178736,0.16136690287340524,0.03616746542762398,0.07615919750653474,0.08566650484965693,0.010999962818365896,10.27638162387342,-7.436092781168497,0.0,4.018101831829341,-0.22803176898327138,0.0,-4.8021813344007,-2.634587923176383,0.0,-0.3981829565631756,7.5657216755944035,0.0
14,0.5318716366659151,0.2952867930798157,-0.2777182146390431,0.4737394426965559,-0.14119650682539306,-0.09369575819237688,-0.1488796656568558,0.031922485292004525,-0.41040678008439707,-0.19484520636926791,0.23421839364574623,0.5185840194131726,-0.5372796773760736,0.25592381716846474,-0.29284759088555523,-0.11183427920699199,-0.30683799146479657,0.24292024748609875,0.19749850069595173,0.041655560380022265,0.26749965224652256,0.21567661684772582,-0.3901287748914582,0.11425819096373749,-0.14455956694377425,-0.17308998706282816,0.1163235074954404,0.3040322361893793,-0.016981305353435987,0.37753638394866784,-0.06514572669193994,-0.33821959146178665,-0.26938482394826524,-0.31538238831591026,0.08228566486970262,0.38624882751706896,0.28416724569516877,0.22179589321531887,0.3982678694361097,0.16638906450933913,0.27832978386074037,0.026317370231623543,-0.3027457320795432,-0.4265567988116935,-0.13407186079910327,-0.5980685329166456,-0.11960891115779261,-0.11116693684885028,0.0,1.0,0.0,0.0,0.0,0.0,0.0,0.0,0.0,0.0,0.0,0.0,1.0,0.0,0.0,0.0,0.0,0.0,0.0,0.0,0.0,0.0,0.0,0.0,0.0,1.0,0.0,0.0,0.0,0.0,0.0,0.0,0.0,0.0,0.0,0.0,1.0,0.0,0.0,0.0,0.1981053543691619,0.08422999895963834,0.022286429023057976,0.08678014461500312,0.11930523151673864,0.06062961616639481,0.13308292659704393,0.05310094693744334,0.1942712888956541,0.04800612752790249,0.06813699675009897,0.06996748416547864,0.053947582789035414,0.03116042480844628,-7.186259907397698,3.3022807548810533,0.0,-11.747665448149718,-2.5454439021146413,0.0,6.5271360399854075,4.244794364112977,0.0,-6.622124904952329,-4.421009275350372,0.0
15,0.056968917861348244,0.030746253475950832,0.029716301888267016,0.34897388714357974,0.2716622848121905,-0.2501673775219765,0.014983811731382335,0.1698942750833911,0.1534712185701559,0.15226386992461025,0.017037528929143213,0.24347569502178942,0.2848468534419751,0.12968741681816076,-0.0772463696520422,0.6029756980293144,-0.11215990611345164,-0.3228556223080524,-0.11675566722156144,0.0653441487686713,-0.11782792673818578,-0.31995709000657513,-0.04251609971293332,0.43090876321268096,-0.4376940552748686,0.046579926826822216,-0.3619592223476622,-0.35528710625382454,-0.5345744819205364,0.00045297216192178197,-0.4974242734353092,0.036886558559389944,-0.04111696930439311,0.12615433983087393,-0.6046531891767021,-0.48228674084843587,-0.15026856855883722,-0.010124346171429767,0.35726092428429035,-0.06316556415173634,-0.30258965371515417,0.41208282230266685,-0.24432410066291332,-0.5773604956991587,0.12562801607199964,0.004241811247344159,0.325508629673993,-0.40442137448997856,0.0,0.0,0.0,0.0,0.0,0.0,0.0,0.0,1.0,0.0,0.0,1.0,0.0,0.0,0.0,0.0,0.0,0.0,0.0,0.0,1.0,0.0,0.0,0.0,0.0,0.0,0.0,0.0,0.0,0.0,0.0,0.0,0.0,0.0,0.0,0.0,0.0,0.0,0.0,1.0,0.05586283553689808,0.15663799585013063,0.07213629265927293,0.05912831954887421,0.18004960886224128,0.1793551833473012,0.027915089363183973,0.13594533593387736,0.08870053766366845,0.07007829885432888,0.04308662475585825,0.05727483316690678,0.07960082420733375,0.05475710915091416,-7.219511082361862,10.897150949497643,0.0,4.706365469352818,1.2556489717664476,0.0,1.9849692454658339,6.165189579401357,0.0,-1.5198035428762182,12.935822508391311,0.0
16,-0.3786602567051665,0.007171555414872193,0.46101887306616135,-0.19667755550957286,-0.27873073000168697,-0.04263769139170821,0.16312339862400252,0.23845439003596058,-0.05457368783804275,0.4618137206053068,0.17863283344969624,0.002874490640447081,-0.008979706013495852,-0.6183889112639361,-0.1784289201938957,-0.3058270179586604,-0.07847797588552893,-0.2589149186911172,-0.3579145951274893,0.2166986880019753,-0.4336798887559258,0.6046761693385743,-0.2766108561942633,-0.02185082860845509,-0.43432260999823713,-0.30179020681826724,0.24560828865652634,-0.23249326301669165,-0.2077932708353713,0.2976032146155603,0.560948421191207,-0.1220663108118881,-0.5668401412324019,-0.10490051899158005,-0.0795846920662019,-0.01237762445651285,0.17948094796863956,0.23845753800192365,-0.24191056346664683,0.02905263625783443,0.0444885294938007,0.5182010548525439,0.2239216129294407,-0.16405043159881633,-0.3130444459881978,-0.11967755765961592,0.012875241386845822,-0.06853855413813523,0.0,0.0,0.0,0.0,0.0,0.0,1.0,0.0,0.0,0.0,0.0,1.0,0.0,0.0,0.0,0.0,0.0,0.0,0.0,0.0,0.0,0.0,0.0,0.0,0.0,1.0,0.0,0.0,0.0,0.0,0.0,0.0,1.0,0.0,0.0,0.0,0.0,0.0,0.0,0.0,0.11008901256224032,0.0975209186060817,0.17950612376862735,0.11738953117524598,0.11005359338686516,0.07561433896490233,0.07667025944157964,0.1850036304772522,0.09306295126021791,0.17952972962644598,0.04369615102879165,0.06616219971905708,0.08354327638474761,0.08041695157856556,-0.5207592346976071,-10.508308416083253,0.0,9.713122480562646,-0.36837123070489497,0.0,-0.31328195812710646,-3.1428439118014637,0.0,-13.292442022913633,2.3475474528556504,0.0
17,0.3505267699836117,-0.25914627301159543,0.07318077727133807,0.2928973854154872,-0.0894696889991789,0.3347570981499364,-0.10719660059899942,0.07132729976448735,0.4990081631386902,0.20348745363330276,-0.041530744127297174,-0.17983098473488818,0.4131359648922286,0.2252862943632937,0.2542806807288522,0.05465596527565434,0.3226940602802868,-0.3524905950739486,-0.17892820966893272,-0.22439922237827484,0.14946339094087127,-0.16538601384893964,-0.19495399690376453,0.03297502848954093,-0.27531348500393943,0.13214257038882962,-0.15405087902019798,0.3782860493254022,0.3670799988544579,0.4515792734596307,-0.31680840336539784,-0.07751312397895138,0.3006993082127796,0.4832815239672134,-0.43915389617419814,0.18901833233847964,0.0742774913236618,0.11835052976529414,-0.399593277980472,-0.15416316282596018,0.37912814313220433,0.36855736824692414,0.06035502811221446,0.3082460097904192,0.22573642042695877,0.4012606641782959,0.14945142957348184,0.704189121375777,0.0,0.0,0.0,0.0,0.0,0.0,0.0,1.0,0.0,0.0,0.0,0.0,0.0,0.0,0.0,0.0,0.0,0.0,1.0,0.0,0.0,1.0,0.0,0.0,0.0,0.0,0.0,0.0,0.0,0.0,0.0,0.0,0.0,0.0,0.0,0.0,0.0,0.0,0.0,1.0,0.15063663249650674,0.11988739578217751,0.19444597129558902,0.19328355305574146,0.10621351567870438,0.037151121881818044,0.15180427442052763,0.1423844078521297,0.1100338234323203,0.04974796431389085,0.07631912463514831,0.018336789234092522,0.029322960032622684,0.05835461584188641,-5.839968107095672,6.37256740363955,0.0,-2.6535811542038914,12.774986392762003,0.0,-6.721666160559153,11.217625801346287,0.0,-3.249440627306228,3.3261292776523135,0.0
18,0.5871371167513433,-0.298836079956573,0.45535284896973965,0.35771610356562344,-0.00048395229688711445,-0.3235094053170524,0.12511328440285688,0.6161668171907255,0.248832543045475,-0.20316569659714243,0.18281324388019343,-0.06263661986728308,0.15591227356029205,-0.2565263622957899,0.14279097758799594,-0.12247286004044418,-0.5120851279309949,0.006802712643243678,-0.2453348371033368,-0.35993591386918106,-0.4643066648455972,-0.18191292587739893,-0.12382718191268637,0.04999762634153925,-0.19307741687615718,-0.25535734720014114,-0.14685651345301662,0.01112545716524286,-0.03672458594921929,0.02181366235053824,-0.26660698907185915,-0.34153804076406213,0.13316689233004708,0.08327162547681073,-0.500890493155416,0.029338806272882722,-0.06405331712657786,-0.3355789627582209,0.4334320970685828,-0.43960199751887263,0.2208192322021408,-0.25618112448640906,-0.38852875755311833,0.007800916658821337,-0.34826600024830917,0.3728651579906225,0.33969522645120026,-0.1304802696829908,0.0,0.0,0.0,0.0,0.0,0.0,0.0,0.0,0.0,1.0,0.0,0.0,0.0,1.0,0.0,0.0,0.0,0.0,0.0,0.0,0.0,0.0,0.0,0.0,0.0,0.0,0.0,1.0,0.0,0.0,0.0,0.0,0.0,0.0,1.0,0.0,0.0,0.0,0.0,0.0,0.02386025344707063,0.11405610135862627,0.05878849434929302,0.06242292718106704,0.07294499163959695,0.1599689528526836,0.03245431095850666,0.15709607565611386,0.10809650242702185,0.063044072484112,0.055375172415179155,0.025762005287970145,0.07908313056237697,0.07157520964806223,4.657118361486937,4.841896971228664,0.0,4.293296401721619,-1.407120049878472,0.0,-14.372773156737537,-1.0447486457196078,0.0,-5.365264567640224,-12.444642022438387,0.0
19,-0.1482432951197585,-0.31780012328738877,0.09677683583430237,-0.3143268829321154,0.24747121569451522,0.11099471787260791,0.1461147349882985,-0.06779704429028165,-0.6350377698762588,-0.10141937394799046,0.027419813963653415,-0.13375652599566598,0.27437589252030475,-0.10544869787375648,0.19362819778070375,-0.24145185409541445,0.3096614011793604,0.40843203151236435,-0.2024537319030231,0.2995089888251577,0.08195378353274405,-0.2978253165994853,0.051661840517733426,0.14409451024812542,-0.4833228894027653,-0.19580309540336355,0.07692430419800758,-0.35750205499100457,-0.45071904482366865,0.29408406783370794,0.6130779539526395,0.20322064341800983,-0.04377710257526992,-0.1545827545601775,0.2788890486126567,-0.14525136932848648,0.4671373205856208,0.13399746347496577,0.25057578966093547,0.20968490049480754,-0.22019283008241752,0.4045827410700514,0.17565594270889756,-0.3865624005187797,-0.33476824433074315,-0.6746065590326982,-0.02466235706540825,-0.048998143813697416,0.0,0.0,0.0,0.0,1.0,0.0,0.0,0.0,0.0,0.0,0.0,0.0,0.0,0.0,0.0,0.0,0.0,0.0,0.0,1.0,0.0,1.0,0.0,0.0,0.0,0.0,0.0,0.0,0.0,0.0,1.0,0.0,0.0,0.0,0.0,0.0,0.0,0.0,0.0,0.0,0.14277308173066816,0.02201218843704944,0.0756167177370567,0.1368421585300071,0.14987650017686371,0.0652140718694315,0.035142359284805406,0.08789589299794166,0.08850539835530179,0.1081209783210617,0.03530135837971741,0.049415864952488356,0.05839413830085543,0.015703566552150914,-0.5673662171864748,-6.813094755756197,0.0,11.608922533710853,-3.915513047358047,0.0,1.1570211007569924,-10.301594277579142,0.0,-4.222401337788654,0.9415132496939123,0.0
20,-0.21811808297002902,-0.3975438468648758,0.015638597927568446,-0.3868881174585014,0.29969901955055284,-0.2291918174255208,0.11806874617148985,-0.2297947553409152,-0.24432521534954957,-0.11485552333175718,-0.28384307569674616,0.3207790710633599,0.08724945309033615,0.2076899529555686,-0.09420662995072734,0.2952862940388545,0.1562749714396812,-0.24197830026363315,0.05786802026303938,0.30682320899020143,-0.19079351421073143,0.2933831736171633,-0.5871998954360006,-0.05445860912633338,-0.12731249798575028,0.4549531328917552,-0.28322813246601575,0.026870510642842103,0.43749508512922747,0.08108665047489438,-0.24637433492951047,0.22155791543626982,0.55011424439686,0.025280467437427907,0.48447339815925367,0.1706867165190164,0.5487345429820715,0.15757024024141614,0.599521039038971,-0.10565286810312537,0.053033210056408264,-0.26621356441168703,0.3276932021189076,0.09921328289341196,0.29282514766599216,0.23323304514412158,0.21000054727788028,0.3616558325175427,0.0,0.0,0.0,1.0,0.0,0.0,0.0,0.0,0.0,0.0,0.0,0.0,0.0,0.0,0.0,0.0,0.0,1.0,0.0,0.0,0.0,0.0,0.0,0.0,0.0,1.0,0.0,0.0,0.0,0.0,1.0,0.0,0.0,0.0,0.0,0.0,0.0,0.0,0.0,0.0,0.11269911942368582,0.13363209244331345,0.17432479453504132,0.16973353329429763,0.19211451513018282,0.05016693534052362,0.03499639417235125,0.16067548608660961,0.19604670170746405,0.03234940771992652,0.03775571172977775,0.031441834895886596,0.022924723584503606,0.029670485123929072,-0.07137727327568655,4.151657417577553,0.0,4.266021243189385,-11.516634483185385,0.0,-13.113085989716069,-5.978772523853451,0.0,-2.0690993340003843,3.09584856998012,0.0
21,-0.4001180211505047,0.33519617997651446,0.2571973142932599,-0.23249040665954204,0.03527910687546573,0.14624074501635112,-0.19289036489844213,-0.5012134965247289,0.061791458055166594,0.3233029174469414,-0.14498155212153693,-0.013461461112482923,0.3006044600214044,0.40339907896195576,0.110877102159014,-0.1438843008011964,0.03610395702926512,-0.10238054185517345,-0.11667821669990663,0.17759332175261278,0.122114781115666,0.1292949377782379,-0.08820556860897548,0.4495944119763273,-0.26292600620704126,-0.5781817932515912,-0.21014070342657443,0.12243254771528153,-0.06695997208350382,-0.3430147502670964,0.28660467469545464,-0.44140782436221915,-0.03740870134440608,-0.019363427530672703,0.5128298286064843,0.20070531279868958,0.14894163057244134,0.6372768751645352,0.19966167338320243,0.2591671292359438,-0.14203354899860368,0.3829009116875461,-0.3028502788303704,-0.19223883774368153,0.5082536325742273,-0.012451839027592374,0.057110479505647065,0.5682339088672188,0.0,0.0,0.0,0.0,1.0,0.0,0.0,0.0,0.0,0.0,0.0,0.0,1.0,0.0,0.0,0.0,0.0,0.0,0.0,0.0,0.0,0.0,0.0,1.0,0.0,0.0,0.0,0.0,0.0,0.0,0.0,0.0,0.0,0.0,0.0,1.0,0.0,0.0,0.0,0.0,0.16046712783073705,0.0788508729395299,0.1681159724139704,0.05132417105654989,0.10148364959889696,0.04021807705085034,0.04451573033297045,0.13628549580147079,0.11886552230655735,0.12776268458095696,0.05636136701801582,0.07588016843340002,0.06701976774204538,0.025664459874882743,-10.341231095717774,-0.6308447213576187,0.0,-2.4452479191248813,-3.4954942093079353,0.0,-8.493587419295409,5.905218089375865,0.0,-3.638915434554292,-4.812998971089144,0.0
22,-0.48879720633326246,-0.010642292880881227,-0.5726994964503187,0.3262145263517811,-0.14419416779466748,-0.15578850409383355,-0.04309354696884137,0.1734161941080152,-0.13290519720927324,-0.5686847559886035,-0.21501481781818865,0.14696319336804697,-0.43702374931240967,-0.18065150874257052,-0.004479797913797112,-0.3001982785836499,0.12041225484898625,-0.26094381526406774,0.5549154182690335,0.34211908371600275,-0.032619522737450106,0.5194960302696433,0.08495277508945528,0.10210516806247792,0.14437727043440884,0.0587565371453894,0.178430614085833,0.06818376526745713,0.08725744620175824,0.4616317661618656,0.3616520348898211,-0.27673892924226967,-0.01204937814711187,-0.03565550329169273,-0.4363541153129355,0.39997003503762907,-0.3388614202324654,0.31236318101877075,-0.5376277355600576,-0.0924207235762303,-0.11991092808927675,0.28157377751929813,0.03887962856520222,0.2845561140931628,0.04549980339288238,-0.2031251466226871,-0.2906570459115944,0.2759446137037644,0.0,0.0,1.0,0.0,0.0,0.0,0.0,0.0,0.0,0.0,0.0,0.0,0.0,0.0,0.0,0.0,0.0,1.0,0.0,0.0,0.0,0.0,0.0,0.0,0.0,0.0,0.0,0.0,1.0,0.0,0.0,0.0,0.0,0.0,0.0,0.0,1.0,0.0,0.0,0.0,0.14668114687174336,0.18956885754540106,0.028298276948695807,0.13207235504460157,0.05924235293889214,0.19372474503779658,0.15285369707830782,0.11646238815475686,0.14056469156568216,0.020454719738267492,0.059605259387459926,0.059436424191573585,0.060446139187068836,0.031083429254467318,6.496241109866446,-3.5573540986314924,0.0,1.2671443769530981,-4.1020499582507455,0.0,6.205570995565836,6.55388677609335,0.0,-7.206529366620032,-7.453427468934649,0.0
23,0.21735847509506576,-0.6011783628078682,-0.2095376335718224,0.17555007782068754,-0.19978318371834392,-0.3531793095341861,-0.3928628268147195,-0.34249174617929246,0.15278057930960376,-0.09454314079915385,-0.49120001416465525,-0.24736875430867253,-0.13854823554933215,0.12096313347203366,-0.3461324851470454,-0.5496909559595136,0.04633228818338511,0.08700829987650775,0.3477804443767532,0.30386514746695875,-0.19891970221931915,0.17552247748646002,0.17915996034994497,-0.24918661934848152,0.04205051453589974,-0.10263123096391435,-0.027543284741822684,-0.12430701053039898,0.46551698810236236,0.32672423778381804,0.30192162450544047,0.40066922399705707,-0.19287990064985625,-0.0645322256020748,0.15782036319706716,-0.27503147463219657,0.3534072522655177,-0.1749211406279941,-0.5771686490675593,-0.13168922724566207,-0.12419455002280479,0.11446946128322455,-0.6545104883892512,0.0484511516141733,0.052746759510749086,0.4137331487997282,-0.11270490074961184,0.06894966833267922,0.0,0.0,0.0,0.0,0.0,0.0,0.0,0.0,1.0,0.0,0.0,0.0,0.0,0.0,0.0,1.0,0.0,0.0,0.0,0.0,0.0,0.0,0.0,0.0,0.0,0.0,0.0,1.0,0.0,0.0,0.0,0.0,0.0,0.0,0.0,0.0,0.0,0.0,0.0,1.0,0.155315528465482,0.08697810337769955,0.07203239697268547,0.18892577033477126,0.19247914396650026,0.11628647634282495,0.04520433454560953,0.04934924763168534,0.026636619680118608,0.05992597037697962,0.016230430891306692,0.055267282315921505,0.025771409764293776,0.04998892350579082,1.975163708240757,9.47422705935594,0.0,-1.4334886906212319,-13.324245073711552,0.0,4.235046931345153,0.18773360498192915,0.0,-5.153975446277968,-13.401933417332828,0.0
24,0.046453104963152886,0.293589353389478,-0.5544503313342369,-0.27144387123408603,0.14189079426221612,-0.3592674985340243,0.27545274065531433,0.28024434891938177,-0.12071574654238829,-0.04175719358239004,-0.02715844283162133,0.5398549823803284,0.3650800622041976,-0.04086798594498126,-0.14957917854273428,0.46740674524368564,0.3626953492026599,0.05821768966842856,0.3236401119399145,-0.01024995774426662,-0.49277166952045537,-0.008923817543945662,-0.3906055416880119,-0.41643658066754125,0.3184762086897474,-0.00636647233410166,-0.45063394239927623,0.040899800827966466,-0.08714904852703212,-0.25988073146841034,0.36295461813385416,-0.10841954756411606,-0.5554080834097638,0.12652714789761502,-0.17677862094822705,0.1945845899656314,0.16714893199906727,-0.47945753564388527,0.03569159165920162,-0.44538281846332906,0.007384010938976687,0.17819534719012023,0.12117584711784066,0.3109771327478392,-0.07793021464291322,0.26867223549815006,0.25903636248918477,-0.2636441920514871,0.0,0.0,0.0,1.0,0.0,0.0,0.0,0.0,0.0,0.0,0.0,0.0,0.0,0.0,0.0,0.0,0.0,1.0,0.0,0.0,1.0,0.0,0.0,0.0,0.0,0.0,0.0,0.0,0.0,0.0,0.0,0.0,0.0,0.0,0.0,0.0,1.0,0.0,0.0,0.0,0.10029130706558412,0.1748005255204605,0.19923615631668762,0.18250724987558786,0.0625416284269611,0.13172697344718046,0.03959526784686583,0.06779276152795723,0.10724184106177069,0.10071271749216167,0.08540604916053116,0.07826735931182123,0.07901908859443454,0.07320770955680818,11.840717965885915,-2.86840504238711,0.0,-3.541299826773809,-9.78907977877219,0.0,-6.583938693188827,-3.987048021735518,0.0,-1.2067706892883052,-2.8453999547911906,0.0
25,0.35838136674541365,-0.12169341747150465,0.05177201342970391,0.4297521281264786,0.0436505913180079,-0.06885637091881419,-0.04751699962867039,0.38541621001349274,0.28667911653174716,-0.5342484622274682,0.13702498079884257,-0.11855878548346875,0.08890956082821133,0.0063753971318621224,0.07658499541396792,-0.16553344080063467,-0.40879311762501,-0.6055555481592819,-0.32807726322195946,0.31871933185671897,0.2815878100102326,0.2605531832612239,-0.398352661395751,0.18564289780824414,0.16818660009157166,-0.34105549859870765,0.3222995771753011,0.08927074779243238,0.5157577646852878,0.3745420669360569,-0.38368143949371925,-0.008075415278393495,0.0742834093023994,-0.020586243069517476,0.44858545685141,-0.3071005109654885,0.050856532211358565,-0.2691463553722096,0.06921445788016019,0.008729666132356899,0.26750426485850576,0.5229980883217473,-0.2221079708067954,0.22956994821186652,0.2720990440248444,-0.3794962852276704,0.09681977634724388,0.34783877196954704,0.0,0.0,0.0,0.0,0.0,0.0,0.0,0.0,1.0,0.0,0.0,0.0,0.0,0.0,0.0,0.0,0.0,1.0,0.0,0.0,0.0,0.0,1.0,0.0,0.0,0.0,0.0,0.0,0.0,0.0,0.0,0.0,0.0,0.0,1.0,0.0,0.0,0.0,0.0,0.0,0.022679856048145704,0.0665191436181963,0.07288757928191168,0.07839323025701263,0.12682508425576422,0.1179462459651907,0.10076367713386156,0.08620343280021,0.07017251989844057,0.029333699794466754,0.019245958803089762,0.02335418419931163,0.07312466113953392,0.05905435294305112,-4.355157059500129,-3.6114424840098422,0.0,3.2223708540236373,2.0697053693867247,0.0,1.0293387664881948,-6.417702775352893,0.0,7.291418267142433,9.957092472029672,0.0
26,0.48044528870209585,-0.21989605523480107,0.13867469966528648,-0.005599728148281429,-0.12091890906148371,0.3791793047902091,0.16135169971071736,0.16123197154949112,-0.02625435174718442,-0.0208765321949748,0.2435661241067865,0.3219293054380871,-0.06695827049553793,-0.10195855570124193,-0.3245873451298947,-0.25780280165287917,0.15674495256504276,-0.42919636119405224,0.19771393478560453,-0.093588080781919,-0.29168689703283407,-0.03970953751945726,-0.28354204537901956,-0.44678193812463407,-0.06827092327042865,0.2615418171013744,-0.10336673847047219,-0.460792745233122,0.3642171915295368,-0.33826594874401217,0.1014844511438791,0.39095883216162436,-0.47363066782396945,-0.45909288050165525,0.21840971629163064,0.37140117983911924,0.21146407018239857,0.07535914822593213,0.46021274886618335,0.16202710173727752,-0.18036008346223983,0.5324931429923597,0.1332589173212283,0.04216131831099628,-0.5044893668903333,0.39246855163308364,-0.25256155837417316,-0.30597098591575356,0.0,0.0,0.0,0.0,0.0,0.0,0.0,0.0,0.0,1.0,0.0,0.0,0.0,0.0,0.0,1.0,0.0,0.0,0.0,0.0,0.0,0.0,0.0,1.0,0.0,0.0,0.0,0.0,0.0,0.0,0.0,0.0,0.0,0.0,1.0,0.0,0.0,0.0,0.0,0.0,0.15031609506466437,0.03592127456007465,0.03682448902716236,0.13173341430140026,0.034346058455236736,0.0267121032081285,0.07205649302820678,0.17662753717308838,0.05853471070031491,0.0710484723330747,0.0796775002244282,0.032284539780074326,0.04437555312759359,0.01135073524470002,-0.29786501291192735,-6.537656233081634,0.0,5.619945850260194,4.461266764567426,0.0,0.7333719557140626,6.6334657784469755,0.0,3.0500853227522384,-10.630821697933328,0.0
27,-0.3186327265187774,0.05792027332663115,0.28127959901991634,-0.3336518064335031,0.000978490893530408,-0.45812002371495386,-0.28761438162087616,-0.16848428821427247,-0.006037739990680915,0.25335138205546537,0.3080370375771431,-0.2855186382380461,0.007807042124134823,-0.1804248245820416,-0.1691690147674727,0.39062658950955204,0.15200021880717754,0.4163602548603185,0.33270701913372414,-0.07905572594431289,-0.057753137832432536,0.6501765130434419,0.3074306607953759,-0.2103766998252629,0.2583313126293441,-0.010777603286929692,0.4982430376021923,-0.097291206843734,-0.0013657717131774056,0.41259784366482355,-0.08504450266451032,-0.3327977923670617,0.5330895089931312,0.47677596908642766,-0.08308457912283243,0.10895040657495958,0.4565403949712498,0.12927593982017366,-0.36773142498076183,-0.28426985712842306,0.34746502519714284,-0.1667621637285577,0.05670267086967172,-0.004198507815083608,0.038109821824836125,0.5471614189216651,0.11356789581261535,0.03536774460542495,0.0,0.0,0.0,0.0,0.0,0.0,0.0,1.0,0.0,0.0,0.0,0.0,1.0,0.0,0.0,0.0,0.0,0.0,0.0,0.0,0.0,0.0,0.0,0.0,0.0,1.0,0.0,0.0,0.0,0.0,0.0,0.0,0.0,0.0,0.0,0.0,0.0,0.0,0.0,1.0,0.050327087618084555,0.09745516070070133,0.16568220037089015,0.1419051914220604,0.026482661218422916,0.0230098311769117,0.1645107683983078,0.11565688080792626,0.1671102979474146,0.0936765138398409,0.02786318875984581,0.044300064274061045,0.03767076030813956,0.016800325004701674,11.134420070419822,-3.0106669035744744,0.0,11.063427749987795,-2.5411191468450056,0.0,-2.325896907816343,6.246736072401177,0.0,-7.074015589003295,-4.109286751725705,0.0
28,-0.07808803912417792,0.43781932122026607,-0.3229702992960147,0.5597394534709056,0.19260037984079784,0.2603851617568923,-0.02346547745086598,-0.1450304933097821,0.02684239122026386,-0.38232517579773545,0.193649971273944,-0.40319705577427767,-0.0036641680299489485,-0.25627399509776655,-0.07594363613384955,-0.08250002451830733,-0.14569814429487551,-0.009868313994069882,-0.48955235700435196,-0.3720127902113096,-0.3605833339811002,-0.32278519287100854,0.4403689049420592,-0.18739923360042174,-0.1374301978060633,-0.20923080113356526,0.3219321643282724,-0.22720251786888462,-0.22186346002455326,0.1120437703471184,0.6499186418065338,-0.33068410349187255,0.2806571472489524,-0.03831699264397444,0.061722435748919426,-0.12514708798784216,-0.15231378329896186,0.0904536486974223,0.1844037651306367,-0.8948967299377968,0.08332244910204721,-0.16505242501965992,-0.2022222131351258,-0.13523850691937803,-0.2415606419485782,0.023815364828845078,0.006051421621903627,0.20137649989968825,0.0,0.0,0.0,0.0,0.0,1.0,0.0,0.0,0.0,0.0,0.0,0.0,0.0,1.0,0.0,0.0,0.0,0.0,0.0,0.0,0.0,0.0,0.0,0.0,1.0,0.0,0.0,0.0,0.0,0.0,0.0,0.0,1.0,0.0,0.0,0.0,0.0,0.0,0.0,0.0,0.10120903285905843,0.06679755179458068,0.06354939494642586,0.0731016509760375,0.06732810364759692,0.039978872430918994,0.12264893894161709,0.04341672297074456,0.10937393609818113,0.15974613865550893,0.012733077798672962,0.08588072440070525,0.013979739306569795,0.020331894493806256,-12.047449713496121,-3.5956576765135537,0.0,1.61428335439507,-5.647506974956514,0.0,-5.901068889476846,-6.587397421797732,0.0,3.8025197880680253,-10.506559042607563,0.0
29,0.06233316550827525,0.6462292630877972,0.1996644514096525,0.034992121028404224,-0.09143451789221566,0.46716727358182364,-0.12162324663749537,-0.04775444242739567,-0.18686382205002186,-0.2679456971002567,-0.0022358012781397854,-0.7332422218164883,-0.1344184535487234,-0.035103542506646636,-0.17146601489648455,0.20352348968520442,-0.4608889499983081,0.233239237175894,0.2917046444512259,0.4667016882801873,0.32938130394901544,0.028630380441431517,0.09699576910620679,-0.036412511222508964,-0.3857634759413058,0.052260196534942086,-0.32245546364865557,0.11701573346923662,0.16436623902096362,-0.1207285624431171,0.34759953507695524,-0.11264477686043264,0.4150768505797875,0.014324008316906185,-0.04973878877427311,0.17344440350873735,-0.41476777627197425,-0.20016886913020318,0.279949798734605,-0.4717299872198674,-0.29837585286036,-0.20255553538568302,0.2447849197252303,-0.044643506889779784,-0.05544979321462997,-0.08225198408016109,0.0042632783595150546,-0.7108313433306482,0.0,0.0,0.0,0.0,0.0,1.0,0.0,0.0,0.0,0.0,0.0,0.0,0.0,0.0,0.0,0.0,0.0,1.0,0.0,0.0,0.0,1.0,0.0,0.0,0.0,0.0,0.0,0.0,0.0,0.0,0.0,0.0,0.0,1.0,0.0,0.0,0.0,0.0,0.0,0.0,0.09075009748083726,0.18204199285658132,0.04702150510838121,0.1862911479988165,0.03299059291894689,0.1813064340148888,0.08195477096638827,0.13453288306336705,0.16141378027990838,0.08540579204124626,0.04428429026551605,0.044453716643848624,0.08897129515559508,0.026896614533927797,-8.24958253855334,-8.075356555000496,0.0,-5.5191623921897985,-5.9689873689758315,0.0,-5.885827090746659,0.3358888534859261,0.0,-9.438199606802982,2.1552330024719026,0.0
